artistName,coincidencias
WOS,40
Bizarrap,33
Morat,28
TINI,20
Nicki Nicole,20
Duki,19
Ed Sheeran,16
One Direction,15
Trueno,13
Tiago PZK,12
Quevedo,11
Sebastian Yatra,10
Miley Cyrus,10
Mora,9
Khalid,9
Benjamín Amadeo,9
Noah Kahan,9
Paulo Londra,9
Harry Styles,8
Shawn Mendes,8
Zeballos,8
Grace VanderWaal,8
Bruno Mars,7
Jeremy Zucker,6
Daddy Yankee,6
Rauw Alejandro,6
Myke Towers,6
Tan Bionica,6
Olivia Rodrigo,6
Danny Ocean,6
Hugh Jackman,6
ROSALÍA,6
La Vela Puerca,5
Milky Chance,5
Billie Eilish,5
Bad Bunny,5
KHEA,5
LIT killah,5
Arnau Griso,4
Eladio Carrion,4
J Balvin,4
Maluma,4
Romeo Santos,4
Intoxicados,4
Oscu,4
Sech,4
PRETTYMUCH,4
MYA,4
La Beriso,4
Luck Ra,4
Anuel AA,4
Chano,4
Lauty Gram,3
Bars and Melody,3
Dillom,3
Justin Bieber,3
Niall Horan,3
George Ezra,3
Jay Wheeler,3
The Kid LAROI,3
C. Tangana,3
Adele,3
Camilo,3
No Te Va Gustar,3
Selena Gomez,3
FMK,3
Rusherking,3
Cris Mj,3
Jorge Drexler,3
Fer Palacio,3
Rels B,3
