trackName,coincidencias
PANTANO,2
DANCE CRIP,2
Rockstar,2
MELÓN VINO,2
"KHEA: Bzrp Music Sessions, Vol. 34",2
Contando Lunares (feat. Cruz Cafuné),2
GATO NEGRO,2
Funeral,2
PANAMÁ,2
Házmelo,2
Someone You Loved,2
"Tumbando el Club (feat. C.R.O, Obiewanshot, YSY A, Cazzu, Khea, Lucho SSJ, Coqeéin Montana, Marcianos Crew & Duki) - Remix",2
Crimen,2
SIN SEÑAL,2
Cristina (feat. Shelow Shaq),2
Lola,2
bad guy,2
Locura y Maldad,2
Cuerpo en Venta,2
Zafar,2
SOLO POR VOS,2
MIRÁ MAMÁ,2
MUGRE,2
Ma Vie (feat. Yay),2
Stay,2
Hacer un puente,2
Caraluna,2
Falling,2
Me Gusta,2
Castle on the Hill,2
Stitches,2
Gusty DJ | Ecko - Session en el Barrio #7,2
Goteo,2
René,2
qué le pasa conmigo?,2
"Residente: Bzrp Music Sessions, Vol. 49",2
"Trueno: Bzrp Music Sessions, Vol. 16",2
Claramente,2
Respuesta Cero,2
Malbec,2
Mala Vida,2
Colocao,2
Mala Mía,2
Cúrame,2
Fucking Diablo,2
"Tiago PZK: Bzrp Music Sessions, Vol. 48",2
Loco,2
El Viejo,2
LA INOCENTE,2
Sola - Neuen Live Sessions - En Vivo,2
Ella,2
Fiel,2
Ella No Es Tuya - Remix,2
Vámonos,2
LUZ DELITO,2
Entre Nosotros,2
Entre Tú y Yo,2
Una Vela,2
Unfollow,2
Sirenas,2
Volando - Remix,2
Upside Down,2
Vida Gangster,2
La Melodía de Dios,2
Venganza,2
FRESCO,2
Walking in the Wind,2
Si Quieren Frontear,2
Wapo Traketero,2
YaMeFui,2
STAY (with Justin Bieber),2
From Now On,2
"Dani Ribba: Bzrp Freestyle Sessions, Vol. 7",2
Two Ghosts,2
De Vacaciones,2
Llamado de Emergencia,2
Demasiadas Mujeres,2
Salimo de Noche,2
Lisa,2
Ley de Atracción,2
"Like Boss - Remix (feat. Duki, Bizarrap, Akapellah, Polima Westcoast, Moonkey, Zanto, Santoz)",2
ULTRA SOLO,2
"Shakira: Bzrp Music Sessions, Vol. 53",2
Shape of You,2
She Don't Give a Fo,2
"L-Gante: Bzrp Music Sessions, Vol.38",2
Easy On Me,2
Eclipse,2
Me Has Dejado,2
Carne y Hueso,2
Me Rehúso,2
ARRANCARMELO,2
Perdóname,2
Además de Mí - Remix,2
Perfect,2
No Toque Mi Naik,2
No Te Enamores,2
Photograph,2
Alive,2
No Me Olvides,2
Piel,2
Aloha,2
"No Me Conocen (Remix) [con DUKI, Rei & Tiago PZK]",2
Piel de Cordero,2
Te Mentiría Remix,2
TERRAZA,2
"Nicky Jam: Bzrp Music Sessions, Vol. 41",2
"Nicki Nicole: Bzrp Music Sessions, Vol. 13",2
Pininfarina - Remix,2
Radar,2
Años Luz,2
Abcdefg,2
ANIMAL,2
Nadir,2
ANDRÓMEDA,2
10 mil,2
PELOTUDA,2
PUAJ (sesión),2
PURPURA,2
Tal Vez,2
Para que el mundo lo vea - Acústico,2
On My Way,2
512,2
7 Years,2
Olivia,2
Parte de Mí,2
Hood - Remix,2
OKUPA,2
París,2
TUS LÁGRIMAS,2
Home,2
Numero 1,2
"Paulo Londra: Bzrp Music Sessions, Vol. 23",2
Nota,2
"Nathy Peluso: Bzrp Music Sessions, Vol. 36",2
VISTA AL MAR,2
"Asan: Bzrp Music Sessions, Vol. 35",2
Protocolo,2
Story of My Life,2
Plan A,2
Billionaire (feat. Bruno Mars),2
QUEREME,2
Bolivia,2
Hasta Que Dios Diga,2
"Quevedo: Bzrp Music Sessions, Vol. 52",2
Budapest,2
This Is Me,2
Happier,2
This Town,2
CAMBIANDO LA PIEL,2
CANGURO,2
CONTANDO OVEJAS,2
CONVOY JARANA,2
CULPA,2
Me haces bien,2
The Climb,2
The Greatest Show,2
BIEN O MAL,2
Muñecas,2
Propuesta Indecente,2
Muerte En Hawaii,2
Sweet Creature,2
Miénteme,2
History,2
Bar,2
Ayer Me Llamó Mi Ex – Remix,2
Heaven,2
