endTime,artistName,trackName,msPlayed
2023-04-13 16:40,Mora,Volando - Remix,273474
2023-04-13 16:44,Mora,EN LA ORILLA,235431
2023-04-13 16:44,Quevedo,VISTA AL MAR,20756
2023-04-13 16:48,Bizarrap,"Arcángel: Bzrp Music Sessions, Vol. 54",223019
2023-04-13 16:50,Mora,LA INOCENTE,108874
2023-04-13 16:51,Mora,OJOS COLORAU,61416
2023-04-13 16:51,YSY A,CÓMO CHILLA ELLA,15905
2023-04-13 18:13,TINI,Cupido,126119
2023-04-13 18:16,El Kuelgue,En Avenidas,195306
2023-04-13 18:20,El Kuelgue,Circunvalación,234306
2023-04-13 18:25,El Kuelgue,Cinema,278906
2023-04-13 18:29,El Kuelgue,Galope,225359
2023-04-13 18:32,El Kuelgue,Bondi,209604
2023-04-13 18:36,El Kuelgue,View Master,194111
2023-04-13 18:39,El Kuelgue,Volcan,183030
2023-04-13 18:42,El Kuelgue,Negra Candombera,198133
2023-04-13 18:45,El Kuelgue,Por Ahora,206133
2023-04-13 18:54,El Kuelgue,Bossa & People,302613
2023-04-13 18:57,El Kuelgue,Jimena,213083
2023-04-13 19:02,La Vela Puerca,Zafar,262000
2023-04-13 19:06,Intoxicados,Reggae para Mirtha,269026
2023-04-13 19:10,Cruzando El Charco,Volver a Nacer,214651
2023-04-13 19:14,Lo' Pibitos,El Ritmo de la Vida,222866
2023-04-13 19:16,Los Enanitos Verdes,Lamento Boliviano,117037
2023-04-13 19:18,El Kuelgue,Parque Acuático,172646
2023-04-13 19:22,El Kuelgue,Lucho Gorrión,197379
2023-04-13 19:27,El Kuelgue,El Paraiso de los Perros,300035
2023-04-13 21:33,El Kuelgue,Verte Feliz,7894
2023-04-13 21:33,El Kuelgue,El Paraiso de los Perros,6805
2023-04-13 21:36,Quevedo,VISTA AL MAR,180672
2023-04-13 21:39,Quevedo,SIN SEÑAL,185084
2023-04-13 21:43,Quevedo,PLAYA DEL INGLÉS,237525
2023-04-13 21:46,Quevedo,WANDA,160909
2023-04-13 21:49,Quevedo,SIN SEÑAL,185084
2023-04-13 21:49,Quevedo,PLAYA DEL INGLÉS,3794
2023-04-13 21:49,Quevedo,VISTA AL MAR,4574
2023-04-13 21:52,TINI,Cupido,174369
2023-04-13 21:55,Trueno,LO TENGO,167442
2023-04-13 21:58,ROSALÍA,BESO,194543
2023-04-13 22:00,Mora,COMO HAS ESTAU?,127333
2023-04-13 22:03,Trueno,Hood - Remix,176372
2023-04-13 22:06,Miley Cyrus,Flowers,200454
2023-04-13 22:09,Trueno,SOLO POR VOS,190879
2023-04-14 16:35,Quevedo,VISTA AL MAR,180672
2023-04-14 16:39,Trueno,PANAMA,171149
2023-04-14 16:41,ROSALÍA,CHICKEN TERIYAKI,122209
2023-04-14 16:45,Mora,MEMORIAS,228750
2023-04-14 16:47,Quevedo,PUNTO G,151324
2023-04-14 16:50,TINI,Cupido,174369
2023-04-14 16:54,Mora,APA,199831
2023-04-14 16:56,ROSALÍA,VAMPIROS,120081
2023-04-14 16:58,Mora,COMO HAS ESTAU?,127333
2023-04-14 17:01,Quevedo,SIN SEÑAL,185084
2023-04-14 17:16,Mora,EN LA ORILLA,225782
2023-04-14 17:20,Dillom,OPA,169824
2023-04-14 17:24,Mora,OJOS COLORAU,221136
2023-04-14 17:27,Quevedo,VISTA AL MAR,180672
2023-04-14 17:30,ROSALÍA,BESO,194543
2023-04-14 17:33,Milo j,Milagrosa,140288
2023-04-14 17:35,Taiu,Rara Vez,128677
2023-04-14 17:36,Las Pastillas del Abuelo,Otra Vuelta de Tuerca,874
2023-04-14 17:36,El Kuelgue,En Avenidas,1386
2023-04-14 17:36,Dillom,PELOTUDA,60033
2023-04-14 17:36,Quevedo,WANDA,5952
2023-04-14 17:36,El Kuelgue,Parque Acuático,1557
2023-04-14 17:36,Bandalos Chinos,Vámonos De Viaje,874
2023-04-14 17:40,El Kuelgue,Natación,220218
2023-04-14 17:42,El Kuelgue,Chiste,168789
2023-04-14 17:45,Salvapantallas,Si Me Voy,186000
2023-04-14 17:51,El Kuelgue,Carece de Sentido,335160
2023-04-14 17:53,El Kuelgue,Sin Parangón,134546
2023-04-14 18:06,Bandalos Chinos,Vámonos De Viaje,236000
2023-04-14 18:08,Bandalos Chinos,Departamento,123069
2023-04-14 21:52,Bandalos Chinos,Departamento,11447
2023-04-14 21:55,Quevedo,PUNTO G,151324
2023-04-14 21:58,Quevedo,VISTA AL MAR,180672
2023-04-14 22:01,Quevedo,SIN SEÑAL,185084
2023-04-14 22:05,Quevedo,PLAYA DEL INGLÉS,237525
2023-04-14 22:08,Quevedo,WANDA,160909
2023-04-14 22:10,Mora,COMO HAS ESTAU?,127333
2023-04-14 22:13,Mora,APA,199831
2023-04-14 22:17,Mora,MEMORIAS,228750
2023-04-14 22:19,Taiu,Rara Vez,128677
2023-04-14 22:20,Milo j,Milagrosa,76423
2023-04-15 12:12,El Kuelgue,En Avenidas,3456
2023-04-15 12:12,Intoxicados,Las cosas que no se tocan,298
2023-04-15 12:15,El Kuelgue,Natación,220218
2023-04-15 12:18,El Kuelgue,Chiste,168789
2023-04-15 12:21,Salvapantallas,Si Me Voy,186000
2023-04-15 12:28,El Kuelgue,Carece de Sentido,335160
2023-04-15 12:29,Bandalos Chinos,Vámonos De Viaje,9920
2023-04-15 12:29,El Kuelgue,Sin Parangón,66839
2023-04-15 12:33,Bandalos Chinos,Vámonos De Viaje,225918
2023-04-15 12:37,Bandalos Chinos,Vámonos De Viaje,236000
2023-04-15 12:37,Bandalos Chinos,Vámonos De Viaje,9322
2023-04-15 12:41,Bandalos Chinos,Departamento,234866
2023-04-15 12:46,El Mató a un Policía Motorizado,El Tesoro,271400
2023-04-15 12:49,Salvapantallas,Me Conecto (feat. Jorge Drexler),188660
2023-04-15 12:52,Salvapantallas,Chhkp,179448
2023-04-15 12:56,Conociendo Rusia,Loco en el Desierto,257176
2023-04-15 13:00,El Kuelgue,Cariño Reptil,214835
2023-04-15 13:03,Indios,Ya Pasó,224946
2023-04-15 13:09,Bandalos Chinos,Isla,352316
2023-04-15 13:14,Usted Señalemelo,Big Bang,293665
2023-04-15 13:18,LOUTA,AYER TE VI (feat. Zoe Gotusso),209133
2023-04-15 13:21,Marcos Menchaca,Fie$ta,4330
2023-04-15 13:21,Adrián Berra,Efecto de Sincronicidad,13413
2023-04-15 13:21,El Kuelgue,En Tanto y en Cuanto,176286
2023-04-15 13:25,El Zar,Los Chicos No Entienden,196082
2023-04-15 13:29,Conociendo Rusia,Puede Ser,230960
2023-04-15 13:33,El Mató a un Policía Motorizado,Mas o Menos Bien,253520
2023-04-15 13:37,El Mató a un Policía Motorizado,El Mundo Extraño,238311
2023-04-15 13:40,Hipnotica,Presente Perfecto,188441
2023-04-15 13:58,Soy Rada and the Colibriquis,Avisame Cuando Llegues,84684
2023-04-15 14:03,Silvestre y La Naranja,Todas Esas Tardes,268135
2023-04-15 18:02,Silvestre y La Naranja,Loco por Vos,163204
2023-04-15 18:04,El Kuelgue,Cariño Reptil,111152
2023-04-15 18:07,Indios,Ya Pasó,224946
2023-04-15 18:13,Bandalos Chinos,Isla,352316
2023-04-15 18:18,Usted Señalemelo,Big Bang,293665
2023-04-15 18:22,LOUTA,AYER TE VI (feat. Zoe Gotusso),209133
2023-04-15 18:25,El Kuelgue,En Tanto y en Cuanto,176286
2023-04-15 18:28,Adrián Berra,Efecto de Sincronicidad,165240
2023-04-15 18:31,Marcos Menchaca,Fie$ta,208021
2023-04-15 18:34,El Zar,Los Chicos No Entienden,196082
2023-04-15 18:38,Conociendo Rusia,Puede Ser,230960
2023-04-15 18:43,El Mató a un Policía Motorizado,Mas o Menos Bien,253520
2023-04-15 18:46,El Mató a un Policía Motorizado,El Mundo Extraño,238311
2023-04-15 18:50,Hipnotica,Presente Perfecto,188441
2023-04-15 18:54,Soy Rada and the Colibriquis,Avisame Cuando Llegues,211521
2023-04-15 18:58,Silvestre y La Naranja,Todas Esas Tardes,268135
2023-04-15 19:03,Silvestre y La Naranja,Loco por Vos,251154
2023-04-15 19:06,1915,Extranjero,187824
2023-04-15 19:09,Axel Fiks,Chica Acuario,207163
2023-04-15 19:13,FLORIAN,Mi Amor Se Fue,207864
2023-04-15 19:57,Bad Bunny,Moscow Mule,245939
2023-04-15 20:01,Bad Bunny,Después de la Playa,230400
2023-04-15 20:04,Bad Bunny,Me Porto Bonito,178567
2023-04-15 20:08,Bad Bunny,Tití Me Preguntó,243716
2023-04-15 20:10,Bad Bunny,Un Ratito,111765
2023-04-15 21:31,Bad Bunny,Un Ratito,65119
2023-04-15 21:43,Bad Bunny,Yo No Soy Celoso,230704
2023-04-15 21:47,Bad Bunny,Tarot,237894
2023-04-15 21:50,Bad Bunny,Neverita,173119
2023-04-15 21:53,Bad Bunny,La Corriente,198367
2023-04-15 21:57,Bad Bunny,Efecto,213061
2023-04-15 22:00,Bad Bunny,Party,227628
2023-04-15 22:04,Bad Bunny,Aguacero,210989
2023-04-15 22:07,Bad Bunny,Enséñame a Bailar,176000
2023-04-15 22:11,Bad Bunny,Ojitos Lindos,258298
2023-04-15 22:14,Bad Bunny,Dos Mil 16,176177
2023-04-16 16:18,El Kuelgue,En Avenidas,1792
2023-04-16 16:21,El Kuelgue,Correntoso,170100
2023-04-16 16:25,Los Piojos,Tan Solo,240013
2023-04-16 16:29,El Cuarteto De Nos,Lo malo de ser bueno,242120
2023-04-16 16:33,Onda Vaga,Mambeado,220695
2023-04-16 16:35,El Kuelgue,Ayer Real,163172
2023-04-17 09:50,El Kuelgue,Ayer Real,56663
2023-04-17 09:53,Adrián Berra,Un Beso en la Nariz,211333
2023-04-17 09:54,Usted Señalemelo,Agua Marfil,5776
2023-04-17 09:57,El Kuelgue,La Fama,220021
2023-04-17 10:01,El Cuarteto De Nos,Ya No Sé Que Hacer Conmigo,241501
2023-04-17 10:05,Armandinho,Casinha,235906
2023-04-17 10:09,Las Pastillas del Abuelo,Incontinencia Verbal,230568
2023-04-17 10:10,Usted Señalemelo,Pana,8476
2023-04-17 13:04,Usted Señalemelo,Pana,220055
2023-04-17 13:08,Luis Alberto Spinetta,Bajan (En Vivo Estadio Vélez Sarsfield) (feat. Gustavo Cerati),225906
2023-04-17 13:11,Sui Generis,Canción para Mi Muerte,215906
2023-04-17 13:15,Juan Farré,Todo lo que se vende miente,217969
2023-04-17 13:19,Intoxicados,Quieren Rock,224400
2023-04-17 13:24,Las Pastillas del Abuelo,Otra Vuelta de Tuerca,321706
2023-04-17 13:28,El Cuarteto De Nos,Breve descripción de mi persona,222240
2023-04-17 13:28,Intoxicados,Las cosas que no se tocan,20166
2023-04-17 13:32,El Kuelgue,Natación,220218
2023-04-17 13:35,El Kuelgue,Chiste,168789
2023-04-17 13:38,El Kuelgue,Carece de Sentido,15637
2023-04-17 13:38,Salvapantallas,Si Me Voy,186361
2023-04-17 13:40,El Kuelgue,Sin Parangón,54708
2023-04-17 13:44,Bandalos Chinos,Vámonos De Viaje,236000
2023-04-17 13:48,Bandalos Chinos,Departamento,234866
2023-04-17 13:52,El Mató a un Policía Motorizado,El Tesoro,271400
2023-04-17 13:55,Salvapantallas,Me Conecto (feat. Jorge Drexler),188660
2023-04-17 13:58,Salvapantallas,Chhkp,179448
2023-04-17 14:03,Conociendo Rusia,Loco en el Desierto,257176
2023-04-17 14:06,El Kuelgue,Cariño Reptil,214835
2023-04-17 14:33,Indios,Ya Pasó,224946
2023-04-17 14:39,Bandalos Chinos,Isla,352316
2023-04-17 14:40,Usted Señalemelo,Big Bang,89589
2023-04-19 18:05,Usted Señalemelo,Big Bang,204074
2023-04-19 18:08,LOUTA,AYER TE VI (feat. Zoe Gotusso),209133
2023-04-19 18:11,El Kuelgue,En Tanto y en Cuanto,176286
2023-04-19 18:14,Adrián Berra,Efecto de Sincronicidad,165240
2023-04-19 18:18,Marcos Menchaca,Fie$ta,208021
2023-04-19 18:21,El Zar,Los Chicos No Entienden,196082
2023-04-19 18:25,Conociendo Rusia,Puede Ser,230960
2023-04-19 18:29,El Mató a un Policía Motorizado,Mas o Menos Bien,253520
2023-04-19 18:33,El Mató a un Policía Motorizado,El Mundo Extraño,238311
2023-04-19 18:36,Hipnotica,Presente Perfecto,188441
2023-04-19 18:40,Soy Rada and the Colibriquis,Avisame Cuando Llegues,211521
2023-04-19 18:44,Silvestre y La Naranja,Todas Esas Tardes,268135
2023-04-19 18:48,Silvestre y La Naranja,Loco por Vos,251154
2023-04-19 18:49,1915,Extranjero,24404
2023-04-20 10:30,Malena Villa,Salvaje,2136
2023-04-20 10:34,El Mató a un Policía Motorizado,El Mundo Extraño,238311
2023-04-20 10:37,Malena Villa,Salvaje,173209
2023-04-20 10:41,Emmanuel Horvilleur,1000 Días,222333
2023-04-20 10:45,Indios,Ya Pasó,224946
2023-04-20 10:51,Mi Amigo Invencible,La Danza de los Principiantes,371327
2023-04-20 10:55,Plastilina,Puedo Con Esto,226379
2023-04-20 19:18,El Kuelgue,Chiste,225050
2023-04-20 19:22,Los Enanitos Verdes,Lamento Boliviano,223146
2023-04-20 19:27,NAFTA,Menos Mal,240175
2023-04-20 19:33,Conociendo Rusia,Cosas para Decirte,340920
2023-04-20 19:36,Dante Spinetta,Soltar,218800
2023-04-20 19:41,El Plan De La Mariposa,Cómo Decir Que No?,258405
2023-04-20 19:44,El Kuelgue,En Tanto y en Cuanto,176286
2023-04-20 19:47,WOS,ARRANCARMELO,183547
2023-04-20 19:50,Cruzando El Charco,Volver a Nacer,214651
2023-04-20 19:54,Benjamín Amadeo,Las Flores (feat. Los Auténticos Decadentes),213948
2023-04-20 19:57,LOUTA,AYER TE VI (feat. Zoe Gotusso),209133
2023-04-20 20:01,Mi Amigo Invencible,Freelance,202488
2023-04-20 20:05,El Kuelgue,Si No Te Vas,232120
2023-04-20 20:09,Sui Generis,Canción para Mi Muerte,215906
2023-04-20 20:13,Adrián Berra,Un Beso en la Nariz,211333
2023-04-20 20:16,Gauchito Club,Charlatán,207610
2023-04-20 20:20,Hipnotica,Fluir,232639
2023-04-20 20:24,FLORIAN,TKM,230687
2023-04-20 20:27,Cruzando El Charco,Lo Nuestro Tiene Magia,193909
2023-04-20 20:31,Conociendo Rusia,Tu Encanto,211992
2023-04-20 20:34,Soy Rada and the Colibriquis,Avisame Cuando Llegues,211521
2023-04-20 20:35,Silvestre y La Naranja,Cerca del Final,74153
2023-04-20 20:38,Las Ligas Menores,Renault Fuego,180771
2023-04-20 20:43,Francisca y Los Exploradores,El Temporal,234840
2023-04-20 20:46,Conociendo Rusia,No Aguanto Más,226629
2023-04-20 20:50,El Kuelgue,Altos Vuelos,205538
2023-04-20 20:52,Santi Celli,Sincero,146750
2023-04-20 20:59,Waralu,Sabes Bien,60569
2023-04-20 21:02,Joven Breakfast,Cuarentena,196531
2023-04-20 21:06,Bandalos Chinos,Sin Señal,219386
2023-04-20 21:09,LOUTA,QUEREME,194840
2023-04-20 21:14,Armandinho,Casinha,235906
2023-04-20 21:16,lisandro skar,yen3,127846
2023-04-20 21:16,The Soundtrack Studio Stars,"School Of Rock (From ""School of Rock"")",2218
2023-04-20 21:19,The Clash,Stay Free - Remastered,220586
2023-04-20 21:24,Ramones,Do You Remember Rock 'n' Roll Radio? - 2002 Remaster,229466
2023-04-20 21:28,Joaquín Rodrigo,Concierto de Aranjuez: II. Adagio,284200
2023-04-20 21:34,Black Sabbath,Iron Man,354773
2023-04-20 21:39,AC/DC,Highway to Hell,208400
2023-04-20 21:43,AC/DC,Back In Black,255493
2023-04-20 21:47,The Who,Substitute,227266
2023-04-20 21:51,The Modern Lovers,Roadrunner,246440
2023-04-20 21:54,Metallica,The Wait,161117
2023-04-20 21:58,The Soundtrack Studio Stars,"School Of Rock (From ""School of Rock"")",249025
2023-04-20 22:03,The Soundtrack Studio Stars,"School Of Rock (From ""School of Rock"")",249025
2023-04-20 22:05,The Soundtrack Studio Stars,"School Of Rock (From ""School of Rock"")",152597
2023-04-20 22:08,David Guetta,I'm Good (Blue),175238
2023-04-20 22:11,Louis Tomlinson,Silver Tongues,205186
2023-04-20 22:15,Niall Horan,Heaven,186043
2023-04-20 22:18,Morat,París,182187
2023-04-20 22:21,Bad Bunny,El Apagón,201816
2023-04-20 22:25,Bizarrap,"Shakira: Bzrp Music Sessions, Vol. 53",214945
2023-04-20 22:29,Rihanna,Umbrella,275986
2023-04-20 22:33,Rihanna,Only Girl (In The World),235493
2023-04-20 22:37,Rihanna,We Found Love,215226
2023-04-20 22:40,Miley Cyrus,Flowers,200454
2023-04-20 22:44,Taylor Swift,Anti-Hero,200690
2023-04-20 22:46,Quevedo,PUNTO G,151324
2023-04-20 22:50,Quevedo,PLAYA DEL INGLÉS,237525
2023-04-20 22:52,Shakira,Hips Don't Lie (feat. Wyclef Jean),92053
2023-04-20 23:24,Shakira,Hips Don't Lie (feat. Wyclef Jean),3170
2023-04-20 23:26,Milo j,Milagrosa,140288
2023-04-20 23:30,Mora,APA,199831
2023-04-20 23:34,Mora,MEMORIAS,228750
2023-04-20 23:42,Bizarrap,"Arcángel: Bzrp Music Sessions, Vol. 54",177360
2023-04-20 23:46,Niall Horan,Small Talk,197890
2023-04-20 23:48,Anne-Marie,Our Song,163733
2023-04-20 23:52,Ashe,Moral of the Story (feat. Niall Horan) - Bonus Track,198515
2023-04-20 23:55,Niall Horan,Seeing Blind,185280
2023-04-20 23:59,Niall Horan,Flicker,258025
2023-04-21 00:01,Niall Horan,Slow Hands,137955
2023-04-21 11:58,El Kuelgue,En Avenidas,195306
2023-04-21 12:02,El Kuelgue,Circunvalación,234306
2023-04-21 12:17,El Kuelgue,Cinema,278906
2023-04-21 12:21,El Kuelgue,Negra Candombera,198133
2023-04-21 12:24,El Kuelgue,Por Ahora,206133
2023-04-21 12:29,El Kuelgue,Bossa & People,302613
2023-04-21 12:33,El Kuelgue,Jimena,213083
2023-04-21 12:37,La Vela Puerca,Zafar,262000
2023-04-21 12:42,Intoxicados,Reggae para Mirtha,269026
2023-04-21 12:45,Cruzando El Charco,Volver a Nacer,214651
2023-04-21 12:49,Lo' Pibitos,El Ritmo de la Vida,222866
2023-04-21 13:33,Los Enanitos Verdes,Lamento Boliviano,119763
2023-04-21 13:33,El Kuelgue,Parque Acuático,981
2023-04-21 13:37,El Kuelgue,Lucho Gorrión,197379
2023-04-21 13:42,El Kuelgue,El Paraiso de los Perros,309346
2023-04-21 13:46,El Kuelgue,Verte Feliz,266289
2023-04-21 13:50,El Kuelgue,Planeta Numir,213240
2023-04-21 13:53,El Kuelgue,Correntoso,170100
2023-04-21 13:57,Los Piojos,Tan Solo,240013
2023-04-21 14:01,El Cuarteto De Nos,Lo malo de ser bueno,242120
2023-04-21 14:04,Onda Vaga,Mambeado,220695
2023-04-21 14:08,El Kuelgue,Ayer Real,219838
2023-04-21 14:12,Adrián Berra,Un Beso en la Nariz,211333
2023-04-21 14:16,Usted Señalemelo,Agua Marfil,251853
2023-04-21 14:19,El Kuelgue,La Fama,220021
2023-04-21 14:20,El Cuarteto De Nos,Ya No Sé Que Hacer Conmigo,38786
2023-04-21 14:24,Armandinho,Casinha,235906
2023-04-21 14:28,Las Pastillas del Abuelo,Incontinencia Verbal,230568
2023-04-21 16:43,Usted Señalemelo,Pana,210263
2023-04-21 16:44,Luis Alberto Spinetta,Bajan (En Vivo Estadio Vélez Sarsfield) (feat. Gustavo Cerati),71274
2023-04-21 16:45,Silvestre y La Naranja,Amanece,2325
2023-04-21 16:45,Silvestre y La Naranja,Amanece,45909
2023-04-21 16:45,Silvestre y La Naranja,Tu Veneno,1173
2023-04-21 16:48,Silvestre y La Naranja,Tu Veneno,199210
2023-04-21 16:51,Silvestre y La Naranja,El Ding Dong,159829
2023-04-21 16:54,Silvestre y La Naranja,Nunca Te Calmes,193962
2023-04-21 16:57,Silvestre y La Naranja,Bailando a Escondidas,196095
2023-04-21 16:59,Silvestre y La Naranja,Hechizao,143744
2023-04-21 17:02,Silvestre y La Naranja,Fiebre Atemporal,164292
2023-04-21 17:06,Silvestre y La Naranja,Vencimiento,202538
2023-04-21 17:09,Silvestre y La Naranja,Amor Sofá,213930
2023-04-21 17:13,Silvestre y La Naranja,Levitando Lento,222634
2023-04-21 17:15,Silvestre y La Naranja,Anochece (Salú),160085
2023-04-21 17:17,Silvestre y La Naranja,Amanece,67541
2023-04-21 17:29,Silvestre y La Naranja,Tu Veneno,199210
2023-04-21 17:32,Silvestre y La Naranja,El Ding Dong,159829
2023-04-21 17:35,Silvestre y La Naranja,Nunca Te Calmes,193962
2023-04-21 17:38,Silvestre y La Naranja,Bailando a Escondidas,196095
2023-04-21 17:41,Silvestre y La Naranja,Hechizao,143744
2023-04-21 17:43,Silvestre y La Naranja,Fiebre Atemporal,164292
2023-04-21 17:47,Silvestre y La Naranja,Vencimiento,202538
2023-04-21 17:50,Silvestre y La Naranja,Amor Sofá,213930
2023-04-21 17:54,Silvestre y La Naranja,Levitando Lento,222634
2023-04-21 17:57,Silvestre y La Naranja,Anochece (Salú),160085
2023-04-21 17:58,Silvestre y La Naranja,Amanece,67541
2023-04-21 18:01,Silvestre y La Naranja,Tu Veneno,199210
2023-04-21 18:04,Silvestre y La Naranja,El Ding Dong,159829
2023-04-21 18:07,Silvestre y La Naranja,Nunca Te Calmes,193962
2023-04-21 18:10,Silvestre y La Naranja,Bailando a Escondidas,196095
2023-04-21 18:13,Silvestre y La Naranja,Hechizao,143744
2023-04-21 18:16,Silvestre y La Naranja,Fiebre Atemporal,164292
2023-04-21 18:19,Silvestre y La Naranja,Vencimiento,202538
2023-04-21 18:58,Silvestre y La Naranja,Amor Sofá,109001
2023-04-21 19:01,El Kuelgue,En Avenidas,195306
2023-04-21 19:05,El Kuelgue,Circunvalación,234306
2023-04-21 19:10,El Kuelgue,Cinema,278906
2023-04-21 19:13,El Kuelgue,Negra Candombera,198133
2023-04-21 19:17,El Kuelgue,Por Ahora,206133
2023-04-21 19:22,El Kuelgue,Bossa & People,302613
2023-04-21 19:25,El Kuelgue,Jimena,213083
2023-04-21 19:29,La Vela Puerca,Zafar,262000
2023-04-21 19:34,Intoxicados,Reggae para Mirtha,269026
2023-04-21 19:38,Cruzando El Charco,Volver a Nacer,214651
2023-04-21 19:38,Lo' Pibitos,El Ritmo de la Vida,42885
2023-04-22 13:19,Lo' Pibitos,El Ritmo de la Vida,179993
2023-04-22 13:23,Los Enanitos Verdes,Lamento Boliviano,223146
2023-04-22 13:25,El Kuelgue,Parque Acuático,172646
2023-04-22 13:29,El Kuelgue,Lucho Gorrión,197379
2023-04-22 13:34,El Kuelgue,El Paraiso de los Perros,309346
2023-04-22 13:38,El Kuelgue,Verte Feliz,266289
2023-04-22 13:42,El Kuelgue,Planeta Numir,213240
2023-04-22 13:45,El Kuelgue,Correntoso,170100
2023-04-22 13:49,Los Piojos,Tan Solo,240013
2023-04-22 13:53,El Cuarteto De Nos,Lo malo de ser bueno,242120
2023-04-22 13:57,Onda Vaga,Mambeado,220695
2023-04-22 14:01,El Kuelgue,Ayer Real,219838
2023-04-22 14:04,Adrián Berra,Un Beso en la Nariz,211333
2023-04-22 14:09,Usted Señalemelo,Agua Marfil,251853
2023-04-22 14:12,El Kuelgue,La Fama,220021
2023-04-22 14:16,El Cuarteto De Nos,Ya No Sé Que Hacer Conmigo,241501
2023-04-22 14:20,Armandinho,Casinha,235906
2023-04-22 14:24,Las Pastillas del Abuelo,Incontinencia Verbal,230568
2023-04-22 14:28,Usted Señalemelo,Pana,228290
2023-04-22 14:32,Luis Alberto Spinetta,Bajan (En Vivo Estadio Vélez Sarsfield) (feat. Gustavo Cerati),225906
2023-04-22 14:35,Sui Generis,Canción para Mi Muerte,215906
2023-04-22 14:39,Juan Farré,Todo lo que se vende miente,217969
2023-04-22 14:43,Intoxicados,Quieren Rock,224400
2023-04-22 14:48,Las Pastillas del Abuelo,Otra Vuelta de Tuerca,321706
2023-04-22 14:52,El Cuarteto De Nos,Breve descripción de mi persona,222240
2023-04-22 14:55,Intoxicados,Las cosas que no se tocan,214090
2023-04-22 14:59,El Kuelgue,Natación,220218
2023-04-22 15:02,El Kuelgue,Chiste,168789
2023-04-22 15:05,Salvapantallas,Si Me Voy,186000
2023-04-22 15:11,El Kuelgue,Carece de Sentido,335160
2023-04-22 15:14,El Kuelgue,Sin Parangón,134546
2023-04-22 15:18,Bandalos Chinos,Vámonos De Viaje,236000
2023-04-22 15:22,Bandalos Chinos,Departamento,234866
2023-04-22 15:27,El Mató a un Policía Motorizado,El Tesoro,271400
2023-04-22 15:30,Salvapantallas,Me Conecto (feat. Jorge Drexler),188660
2023-04-22 15:33,Salvapantallas,Chhkp,179448
2023-04-22 15:37,Conociendo Rusia,Loco en el Desierto,257176
2023-04-22 15:41,El Kuelgue,Cariño Reptil,214835
2023-04-22 15:45,Indios,Ya Pasó,224946
2023-04-22 15:48,Bandalos Chinos,Isla,228798
2023-04-22 17:32,Bandalos Chinos,Isla,123507
2023-04-22 17:37,Usted Señalemelo,Big Bang,293665
2023-04-22 17:40,LOUTA,AYER TE VI (feat. Zoe Gotusso),209133
2023-04-22 17:43,El Kuelgue,En Tanto y en Cuanto,176286
2023-04-22 17:46,Adrián Berra,Efecto de Sincronicidad,165240
2023-04-22 17:47,Marcos Menchaca,Fie$ta,86734
2023-04-22 17:51,El Zar,Los Chicos No Entienden,196082
2023-04-22 17:54,Conociendo Rusia,Puede Ser,230960
2023-04-22 17:59,El Mató a un Policía Motorizado,Mas o Menos Bien,253520
2023-04-22 18:03,El Mató a un Policía Motorizado,El Mundo Extraño,238311
2023-04-22 18:07,Hipnotica,Presente Perfecto,188441
2023-04-22 18:11,Soy Rada and the Colibriquis,Avisame Cuando Llegues,211521
2023-04-22 18:15,Silvestre y La Naranja,Todas Esas Tardes,268135
2023-04-22 18:20,Silvestre y La Naranja,Loco por Vos,251154
2023-04-22 18:23,1915,Extranjero,187824
2023-04-22 18:26,Axel Fiks,Chica Acuario,207163
2023-04-22 18:30,FLORIAN,Mi Amor Se Fue,227997
2023-04-22 19:38,Conociendo Rusia,Quiero Que Me Llames,25761
2023-04-22 19:41,Quevedo,PUNTO G,151324
2023-04-22 19:44,Quevedo,VISTA AL MAR,180672
2023-04-22 19:45,Quevedo,SIN SEÑAL,71653
2023-04-23 14:07,Quevedo,SIN SEÑAL,113432
2023-04-23 14:11,Quevedo,PLAYA DEL INGLÉS,237525
2023-04-23 14:13,Quevedo,WANDA,160909
2023-04-23 14:15,Mora,COMO HAS ESTAU?,127333
2023-04-23 14:17,Mora,APA,117732
2023-04-23 14:21,El Kuelgue,En Avenidas,195306
2023-04-23 14:25,El Kuelgue,Circunvalación,234306
2023-04-23 14:48,El Kuelgue,Cinema,278906
2023-04-23 14:51,El Kuelgue,Negra Candombera,198133
2023-04-23 14:55,El Kuelgue,Por Ahora,206133
2023-04-23 15:00,El Kuelgue,Bossa & People,302613
2023-04-23 15:03,El Kuelgue,Jimena,213083
2023-04-23 15:08,La Vela Puerca,Zafar,262000
2023-04-23 15:15,Intoxicados,Reggae para Mirtha,269026
2023-04-23 15:19,Cruzando El Charco,Volver a Nacer,214651
2023-04-23 15:22,Lo' Pibitos,El Ritmo de la Vida,222866
2023-04-23 15:26,Los Enanitos Verdes,Lamento Boliviano,223146
2023-04-23 15:29,El Kuelgue,Parque Acuático,172646
2023-04-23 15:32,El Kuelgue,Lucho Gorrión,197379
2023-04-23 15:38,El Kuelgue,El Paraiso de los Perros,309346
2023-04-23 15:42,El Kuelgue,Verte Feliz,266289
2023-04-23 15:54,El Kuelgue,Planeta Numir,213240
2023-04-23 15:57,El Kuelgue,Correntoso,170100
2023-04-23 16:13,Los Piojos,Tan Solo,240013
2023-04-23 16:17,El Cuarteto De Nos,Lo malo de ser bueno,242120
2023-04-23 16:20,Onda Vaga,Mambeado,220695
2023-04-23 16:24,El Kuelgue,Ayer Real,219838
2023-04-23 16:28,Adrián Berra,Un Beso en la Nariz,211333
2023-04-23 16:32,Usted Señalemelo,Agua Marfil,251853
2023-04-23 16:33,El Kuelgue,La Fama,49500
2023-04-23 17:34,Bizarrap,"Arcángel: Bzrp Music Sessions, Vol. 54",223019
2023-04-23 17:36,Bizarrap,"Seven Kayne: Bzrp Music Sessions, Vol. 33",142857
2023-04-23 17:39,Bizarrap,"Snow Tha Product: Bzrp Music Sessions, Vol. 39",177442
2023-04-23 17:42,Bizarrap,"Nicky Jam: Bzrp Music Sessions, Vol. 41",158086
2023-04-23 17:45,Bizarrap,"L-Gante: Bzrp Music Sessions, Vol.38",192347
2023-04-23 17:48,Bizarrap,"Nathy Peluso: Bzrp Music Sessions, Vol. 36",171215
2023-04-23 17:51,Bizarrap,"Nicki Nicole: Bzrp Music Sessions, Vol. 13",143291
2023-04-23 17:54,Bizarrap,"Ptazeta: Bzrp Music Sessions, Vol. 45",161485
2023-04-23 17:56,Bizarrap,"Eladio Carrion: Bzrp Music Sessions, Vol. 40",133688
2023-04-23 19:18,Bizarrap,"Eladio Carrion: Bzrp Music Sessions, Vol. 40",31200
2023-04-23 19:22,Bizarrap,"Arcángel: Bzrp Music Sessions, Vol. 54",223019
2023-04-23 19:27,Bizarrap,"Paulo Londra: Bzrp Music Sessions, Vol. 23",258541
2023-04-23 19:30,Paulo Londra,Plan A,178202
2023-04-23 19:33,Bizarrap,"Tiago PZK: Bzrp Music Sessions, Vol. 48",160000
2023-04-23 19:36,Bizarrap,"Villano Antillano: Bzrp Music Sessions, Vol. 51",187500
2023-04-23 19:43,Bizarrap,"Quevedo: Bzrp Music Sessions, Vol. 52",100082
2023-04-23 19:46,Bizarrap,"Shakira: Bzrp Music Sessions, Vol. 53",214945
2023-04-23 20:45,Bizarrap,"Residente: Bzrp Music Sessions, Vol. 49",314496
2023-04-23 20:49,Bizarrap,"Duki: Bzrp Music Sessions, Vol. 50",221303
2023-04-23 20:52,Bizarrap,"Trueno: Bzrp Freestyle Sessions, Vol. 6",199391
2023-04-23 20:55,Bizarrap,"Morad: Bzrp Music Sessions, Vol. 47",177583
2023-04-23 20:58,Bizarrap,"Dani Ribba: Bzrp Music Sessions, Vol. 24",173251
2023-04-23 21:01,Arcángel,Bottas,201062
2023-04-23 21:01,Bizarrap,"Anuel AA: Bzrp Music Sessions, Vol. 46",1429
2023-04-23 21:04,Bizarrap,"Cazzu: Bzrp Music Sessions, Vol. 32",146106
2023-04-23 21:05,Bizarrap,"Aleman: Bzrp Music Sessions, Vol. 15",95441
2023-04-23 21:35,Bizarrap,"Frijo: Bzrp Music Sessions, Vol. 10",130912
2023-04-23 21:37,Bizarrap,"YSY A: Bzrp Music Sessions, Vol. 37",156656
2023-04-23 21:41,Trueno,Mamichula - con Nicki Nicole,219201
2023-04-23 21:44,Bizarrap,"Trueno: Bzrp Music Sessions, Vol. 16",158983
2023-04-23 22:12,Bizarrap,"John C: Bzrp Music Sessions, Vol. 18",91285
2023-04-23 22:18,boygenius,Not Strong Enough,234933
2023-04-23 22:21,boygenius,Cool About It,180000
2023-04-23 22:22,boygenius,Emily I'm Sorry,37976
2023-04-23 22:42,boygenius,Emily I'm Sorry,176889
2023-04-23 22:46,boygenius,True Blue,296333
2023-04-24 01:00,boygenius,$20,79787
2023-04-24 01:00,Taron Egerton,I'm Still Standing,16938
2023-04-24 09:50,Tori Kelly,Don't You Worry 'Bout A Thing,2066
2023-04-24 09:56,Bandalos Chinos,Isla,352316
2023-04-24 10:01,Usted Señalemelo,Big Bang,293665
2023-04-24 10:04,LOUTA,AYER TE VI (feat. Zoe Gotusso),209133
2023-04-24 10:07,El Kuelgue,En Tanto y en Cuanto,176286
2023-04-24 10:09,Adrián Berra,Efecto de Sincronicidad,66295
2023-04-24 12:50,Salvapantallas,Como Antes,3343
2023-04-24 12:53,Quevedo,PUNTO G,151324
2023-04-24 12:55,Quevedo,VISTA AL MAR,126489
2023-04-24 12:58,Quevedo,SIN SEÑAL,185084
2023-04-24 13:02,Quevedo,PLAYA DEL INGLÉS,211662
2023-04-24 13:05,Quevedo,WANDA,160909
2023-04-24 13:07,Mora,COMO HAS ESTAU?,127333
2023-04-24 18:39,Mora,APA,199831
2023-04-24 18:42,Mora,MEMORIAS,172728
2023-04-24 18:44,Taiu,Rara Vez,128677
2023-04-24 18:47,Milo j,Milagrosa,140288
2023-04-24 18:51,Mora,Volando - Remix,273474
2023-04-24 19:03,Mora,EN LA ORILLA,64295
2023-04-24 19:06,Quevedo,VISTA AL MAR,180672
2023-04-24 19:10,Bizarrap,"Arcángel: Bzrp Music Sessions, Vol. 54",223019
2023-04-24 19:12,Mora,LA INOCENTE,134124
2023-04-24 19:16,Mora,OJOS COLORAU,221136
2023-04-24 19:18,YSY A,CÓMO CHILLA ELLA,134581
2023-04-24 19:21,TINI,Cupido,174369
2023-04-24 19:24,Dillom,PELOTUDA,185905
2023-04-24 19:27,Dillom,OPA,169824
2023-04-24 19:29,ROSALÍA,CHICKEN TERIYAKI,122209
2023-04-24 19:31,Trueno,TIERRA ZANTA,3565
2023-04-24 19:49,Trueno,LO TENGO,167442
2023-04-24 19:52,Quevedo,AHORA QUÉ,171428
2023-04-24 19:55,ROSALÍA,VAMPIROS,176590
2023-04-24 19:59,ROSALÍA,BESO,194543
2023-04-24 20:02,Bad Bunny,El Apagón,201816
2023-04-24 20:15,Bad Bunny,Después de la Playa,145711
2023-04-24 20:18,Quevedo,PUNTO G,151324
2023-04-24 20:31,Quevedo,VISTA AL MAR,180672
2023-04-24 20:34,Quevedo,SIN SEÑAL,185084
2023-04-24 20:38,Quevedo,PLAYA DEL INGLÉS,237525
2023-04-24 20:40,Quevedo,WANDA,160909
2023-04-24 20:43,Mora,COMO HAS ESTAU?,127333
2023-04-24 20:46,Mora,APA,199831
2023-04-24 21:15,Mora,APA,1024
2023-04-24 21:15,Mora,MEMORIAS,247557
2023-04-25 01:18,Mora,APA,2965
2023-04-25 01:18,Mora,EN LA ORILLA,874
2023-04-25 01:18,Mora,Volando - Remix,1045
2023-04-25 01:18,Mora,MEMORIAS,1024
2023-04-25 01:18,Taiu,Rara Vez,1173
2023-04-25 01:18,Milo j,Milagrosa,725
2023-04-25 01:18,Quevedo,VISTA AL MAR,853
2023-04-25 01:22,Bizarrap,"Arcángel: Bzrp Music Sessions, Vol. 54",223019
2023-04-25 01:26,Mora,LA INOCENTE,202173
2023-04-25 01:29,Mora,OJOS COLORAU,221136
2023-04-25 01:30,YSY A,CÓMO CHILLA ELLA,52041
2023-04-25 01:33,TINI,Cupido,174369
2023-04-25 01:36,Dillom,PELOTUDA,185905
2023-04-25 01:39,Dillom,OPA,169824
2023-04-25 01:41,ROSALÍA,CHICKEN TERIYAKI,122209
2023-04-25 01:45,Trueno,TIERRA ZANTA,237658
2023-04-25 01:48,Trueno,LO TENGO,167442
2023-04-25 01:51,Quevedo,AHORA QUÉ,171428
2023-04-25 01:54,ROSALÍA,VAMPIROS,176590
2023-04-25 01:57,ROSALÍA,BESO,194543
2023-04-25 01:57,Bad Bunny,El Apagón,797
2023-04-25 02:03,ROSALÍA,BESO,17024
2023-04-25 02:03,Dillom,PELOTUDA,1642
2023-04-25 02:05,TINI,Cupido,5930
2023-04-25 02:05,YSY A,CÓMO CHILLA ELLA,103488
2023-04-25 02:07,YSY A,CÓMO CHILLA ELLA,134581
2023-04-25 02:10,TINI,Cupido,174369
2023-04-25 02:13,Dillom,PELOTUDA,185905
2023-04-25 02:16,Dillom,OPA,169824
2023-04-25 02:18,ROSALÍA,CHICKEN TERIYAKI,122209
2023-04-25 02:22,Trueno,TIERRA ZANTA,237658
2023-04-25 02:25,Trueno,LO TENGO,167442
2023-04-25 02:27,Quevedo,AHORA QUÉ,171428
2023-04-25 02:30,ROSALÍA,VAMPIROS,176590
2023-04-25 02:34,ROSALÍA,BESO,194543
2023-04-25 02:37,Bad Bunny,El Apagón,201816
2023-04-25 02:42,Bad Bunny,Después de la Playa,118162
2023-04-25 13:04,El Kuelgue,En Avenidas,4416
2023-04-25 13:09,El Mató a un Policía Motorizado,El Tesoro,271400
2023-04-25 13:12,Salvapantallas,Me Conecto (feat. Jorge Drexler),188660
2023-04-25 13:15,Salvapantallas,Chhkp,179448
2023-04-25 13:19,Conociendo Rusia,Loco en el Desierto,257176
2023-04-25 13:23,El Kuelgue,Cariño Reptil,214835
2023-04-25 13:26,Indios,Ya Pasó,224946
2023-04-25 13:32,Bandalos Chinos,Isla,352316
2023-04-25 13:37,Usted Señalemelo,Big Bang,293665
2023-04-25 13:41,LOUTA,AYER TE VI (feat. Zoe Gotusso),209133
2023-04-25 13:44,El Kuelgue,En Tanto y en Cuanto,176286
2023-04-25 13:46,Adrián Berra,Efecto de Sincronicidad,122682
2023-04-25 13:49,Marcos Menchaca,Fie$ta,208021
2023-04-25 13:52,El Zar,Los Chicos No Entienden,196082
2023-04-25 13:56,Conociendo Rusia,Puede Ser,230960
2023-04-25 14:00,El Mató a un Policía Motorizado,Mas o Menos Bien,253520
2023-04-25 14:04,El Mató a un Policía Motorizado,El Mundo Extraño,238311
2023-04-25 14:09,Soy Rada and the Colibriquis,Avisame Cuando Llegues,6420
2023-04-25 14:09,Hipnotica,Presente Perfecto,188441
2023-04-25 17:00,Bizarrap,"Arcángel: Bzrp Music Sessions, Vol. 54",223019
2023-04-25 17:03,Bizarrap,"Nicki Nicole: Bzrp Music Sessions, Vol. 13",143291
2023-04-25 17:06,Bizarrap,"Snow Tha Product: Bzrp Music Sessions, Vol. 39",177442
2023-04-25 17:08,Bizarrap,"Nicky Jam: Bzrp Music Sessions, Vol. 41",158086
2023-04-25 17:10,Bizarrap,"L-Gante: Bzrp Music Sessions, Vol.38",94559
2023-04-25 17:10,Bizarrap,"Nathy Peluso: Bzrp Music Sessions, Vol. 36",3136
2023-04-25 17:14,Bizarrap,"Eladio Carrion: Bzrp Music Sessions, Vol. 40",28423
2023-04-25 17:14,Bizarrap,"Quevedo: Bzrp Music Sessions, Vol. 52",198937
2023-04-25 17:17,Bizarrap,"Ptazeta: Bzrp Music Sessions, Vol. 45",161485
2023-04-25 17:19,Bizarrap,"Tiago PZK: Bzrp Music Sessions, Vol. 48",92009
2023-04-25 17:24,Bizarrap,"Villano Antillano: Bzrp Music Sessions, Vol. 51",187500
2023-04-25 17:30,Bizarrap,"Paulo Londra: Bzrp Music Sessions, Vol. 23",258541
2023-04-25 17:33,Bizarrap,"Duki: Bzrp Music Sessions, Vol. 50",221303
2023-04-25 17:46,Bizarrap,"Morad: Bzrp Music Sessions, Vol. 47",177583
2023-04-25 17:49,Bizarrap,"Dani Ribba: Bzrp Music Sessions, Vol. 24",173251
2023-04-25 18:04,Bizarrap,"Residente: Bzrp Music Sessions, Vol. 49",1442
2023-04-25 18:14,Bizarrap,"Shakira: Bzrp Music Sessions, Vol. 53",214945
2023-04-25 18:18,Bizarrap,"Trueno: Bzrp Freestyle Sessions, Vol. 6",199391
2023-04-25 18:20,Bizarrap,"YSY A: Bzrp Music Sessions, Vol. 37",156656
2023-04-25 18:21,Bizarrap,"Aleman: Bzrp Music Sessions, Vol. 15",63794
2023-04-25 18:24,Bizarrap,"Cazzu: Bzrp Music Sessions, Vol. 32",146106
2023-04-25 18:27,Bizarrap,"Anuel AA: Bzrp Music Sessions, Vol. 46",201507
2023-04-25 18:30,Duki,Malbec,175890
2023-04-25 18:34,Trueno,Mamichula - con Nicki Nicole,219201
2023-04-25 18:37,Bizarrap,YaMeFui,182594
2023-04-25 18:40,Bizarrap,"KHEA: Bzrp Music Sessions, Vol. 34",198703
2023-04-25 18:42,Eladio Carrion,Sin Frenos,89571
2023-04-25 19:25,Eladio Carrion,Sin Frenos,121793
2023-04-25 19:28,Bizarrap,"Trueno: Bzrp Music Sessions, Vol. 16",158983
2023-04-25 19:30,Bizarrap,"Frijo: Bzrp Music Sessions, Vol. 10",130912
2023-04-25 19:35,Arcángel,Bottas,208845
2023-04-25 19:38,Nicki Nicole,Verte,157418
2023-04-25 19:41,Bizarrap,"Zaramay: Bzrp Music Sessions, Vol. 31",219545
2023-04-25 19:44,Bizarrap,"John C: Bzrp Music Sessions, Vol. 18",133691
2023-04-25 19:46,Bizarrap,"Dillom: Bzrp Music Sessions, Vol. 9",151843
2023-04-25 19:49,Bizarrap,"C.R.O: Bzrp Music Sessions, Vol. 29",146341
2023-04-25 19:51,Bizarrap,"Kiddo Toto: Bzrp Music Sessions, Vol. 11",143376
2023-04-25 19:54,LIT killah,Flexin',179383
2023-04-25 19:56,Bizarrap,"Chucky73: Bzrp Music Sessions, Vol. 43",141320
2023-04-25 20:03,Frijo,"Like Boss - Remix (feat. Duki, Bizarrap, Akapellah, Polima Westcoast, Moonkey, Zanto, Santoz)",362281
2023-04-25 20:09,Bizarrap,Pinta,8722
2023-04-25 20:09,Bizarrap,Plegarias,198850
2023-04-25 20:09,Bizarrap,"Mesita: Bzrp Music Sessions, Vol. 12",990
2023-04-25 20:11,Bizarrap,"Lucho SSJ: Bzrp Music Sessions, Vol. 26",142703
2023-04-25 20:14,Nicki Nicole,Dangerous,159967
2023-04-25 20:17,Duki,Unfollow,196727
2023-04-25 20:20,Bizarrap,"Lalo Ebratt: Bzrp Music Sessions, Vol. 22",152304
2023-04-25 20:23,Bizarrap,"Asan: Bzrp Music Sessions, Vol. 35",154181
2023-04-25 20:26,Bizarrap,"HOMER EL MERO MERO: Bzrp Music Sessions, Vol. 30",181458
2023-04-25 20:28,Bhavi,PUFF,140130
2023-04-25 20:31,Bizarrap,"Big Soto: Bzrp Music Sessions, Vol. 28",160285
2023-04-25 20:34,Bizarrap,"MHD: Bzrp Music Sessions, Vol. 44",173380
2023-04-25 20:37,Bizarrap,"Don Patricio: Bzrp Music Sessions, Vol. 25",155964
2023-04-25 20:39,Bizarrap,"Polimá Westcoast: Bzrp Music Sessions, Vol. 19",150000
2023-04-25 20:42,Bizarrap,"Seven Kayne: Bzrp Music Sessions, Vol. 33",142857
2023-04-25 20:43,Bizarrap,"Pekeño 77: Bzrp Music Sessions, Vol. 5",63308
2023-04-25 20:45,Bizarrap,"Dani Ribba: Bzrp Freestyle Sessions, Vol. 7",137365
2023-04-25 20:48,Bizarrap,"Neutro Shorty: Bzrp Music Sessions, Vol. 21",66604
2023-04-25 20:51,Quevedo,PUNTO G,151324
2023-04-25 20:56,Quevedo,VISTA AL MAR,180905
2023-04-25 20:59,Quevedo,SIN SEÑAL,185084
2023-04-25 21:03,Quevedo,PLAYA DEL INGLÉS,237525
2023-04-25 21:06,Quevedo,WANDA,160909
2023-04-25 21:08,Mora,COMO HAS ESTAU?,127333
2023-04-25 21:11,Mora,APA,199831
2023-04-25 21:16,Mora,MEMORIAS,229097
2023-04-25 21:18,Taiu,Rara Vez,128677
2023-04-25 21:20,Milo j,Milagrosa,140288
2023-04-25 21:22,Mora,Volando - Remix,94772
2023-04-25 23:57,Mora,Volando - Remix,1578
2023-04-25 23:59,Nicki Nicole,qué le pasa conmigo?,107029
2023-04-26 16:33,Quevedo,PUNTO G,151324
2023-04-26 16:36,ROSALÍA,BESO,194543
2023-04-26 16:39,ROSALÍA,VAMPIROS,176590
2023-04-26 16:42,Quevedo,AHORA QUÉ,171428
2023-04-26 16:44,Mora,COMO HAS ESTAU?,127333
2023-04-26 16:47,Quevedo,WANDA,160909
2023-04-26 16:50,Quevedo,SIN SEÑAL,185084
2023-04-26 16:53,Bizarrap,"Arcángel: Bzrp Music Sessions, Vol. 54",223019
2023-04-26 16:56,Taiu,Rara Vez,128677
2023-04-26 16:58,Trueno,LO TENGO,165667
2023-04-26 19:50,ROSALÍA,CHICKEN TERIYAKI,569
2023-04-26 19:50,Trueno,LO TENGO,1763
2023-04-26 19:52,Quevedo,PUNTO G,95387
2023-04-26 19:52,Quevedo,SIN SEÑAL,3366
2023-04-26 19:52,Quevedo,VISTA AL MAR,4551
2023-04-26 19:54,Quevedo,PLAYA DEL INGLÉS,135279
2023-04-27 15:02,Molotov,Money In The Bank,151040
2023-04-27 15:04,Quevedo,PUNTO G,151324
2023-04-27 15:07,Quevedo,VISTA AL MAR,180672
2023-04-27 15:10,Quevedo,SIN SEÑAL,185084
2023-04-27 15:20,Quevedo,PLAYA DEL INGLÉS,237525
2023-04-27 15:23,Quevedo,WANDA,160909
2023-04-27 15:25,Mora,COMO HAS ESTAU?,127333
2023-04-27 15:28,Mora,APA,199831
2023-04-27 15:32,Mora,MEMORIAS,228750
2023-04-27 15:34,Taiu,Rara Vez,128677
2023-04-27 15:36,Milo j,Milagrosa,140288
2023-04-27 15:45,Mora,Volando - Remix,273474
2023-04-27 15:51,Mora,EN LA ORILLA,235431
2023-04-27 15:54,Quevedo,VISTA AL MAR,180672
2023-04-27 15:58,Bizarrap,"Arcángel: Bzrp Music Sessions, Vol. 54",223019
2023-04-27 16:01,Mora,LA INOCENTE,202173
2023-04-27 16:05,Mora,OJOS COLORAU,221136
2023-04-27 16:07,YSY A,CÓMO CHILLA ELLA,134581
2023-04-27 16:10,TINI,Cupido,174369
2023-04-27 16:13,Dillom,PELOTUDA,185905
2023-04-27 16:18,Dillom,OPA,169824
2023-04-27 16:20,ROSALÍA,CHICKEN TERIYAKI,122209
2023-04-27 16:23,Trueno,TIERRA ZANTA,145984
2023-04-27 23:35,Trueno,TIERRA ZANTA,91686
2023-04-27 23:38,Trueno,LO TENGO,167442
2023-04-27 23:41,Quevedo,AHORA QUÉ,171428
2023-04-27 23:44,ROSALÍA,VAMPIROS,176590
2023-04-27 23:47,ROSALÍA,BESO,194543
2023-04-28 01:08,Bad Bunny,El Apagón,148529
2023-04-28 01:09,Quevedo,PUNTO G,1610
2023-04-28 01:09,Bad Bunny,Después de la Playa,111230
2023-04-28 01:12,Quevedo,VISTA AL MAR,180672
2023-04-28 01:15,Quevedo,SIN SEÑAL,185084
2023-04-28 01:19,Quevedo,PLAYA DEL INGLÉS,237525
2023-04-28 01:21,Quevedo,WANDA,68087
2023-04-28 10:27,El Kuelgue,Natación,220218
2023-04-28 10:29,El Kuelgue,Chiste,168789
2023-04-28 10:33,Salvapantallas,Si Me Voy,186000
2023-04-28 10:34,El Kuelgue,Carece de Sentido,61653
2023-04-28 10:36,El Kuelgue,Sin Parangón,134546
2023-04-28 10:40,Bandalos Chinos,Vámonos De Viaje,236000
2023-04-28 10:44,Bandalos Chinos,Departamento,234866
2023-04-28 10:48,El Mató a un Policía Motorizado,El Tesoro,271400
2023-04-28 10:50,Salvapantallas,Me Conecto (feat. Jorge Drexler),135945
2023-04-28 20:58,El Zar,Los Chicos No Entienden,196082
2023-04-28 21:02,Bandalos Chinos,Departamento,234866
2023-04-28 21:05,Intoxicados,Las cosas que no se tocan,162644
2023-04-28 21:08,Clara Cava,Al Auto y Volver,211905
2023-04-28 21:11,Mi Amigo Invencible,Freelance,202488
2023-04-28 21:14,Silvestre y La Naranja,Todas Esas Tardes 2.0,179076
2023-04-28 21:20,Conociendo Rusia,Cosas para Decirte,313741
2023-04-28 21:22,Jhayco,Mami Chula,119513
2023-04-28 21:23,David Guetta,I'm Good (Blue),50944
2023-04-28 21:26,Louis Tomlinson,Silver Tongues,205186
2023-04-28 21:29,Niall Horan,Heaven,186043
2023-04-28 21:32,Morat,París,171527
2023-04-28 21:35,Bad Bunny,El Apagón,201816
2023-04-28 21:39,Bizarrap,"Shakira: Bzrp Music Sessions, Vol. 53",214945
2023-04-28 21:43,Rihanna,Umbrella,275986
2023-04-28 21:46,Rihanna,Only Girl (In The World),133798
2023-04-29 18:09,El Kuelgue,En Avenidas,195306
2023-04-29 18:12,Quevedo,VISTA AL MAR,180672
2023-04-29 18:16,El Kuelgue,Circunvalación,234306
2023-04-29 18:20,El Kuelgue,Cinema,278906
2023-04-29 18:23,El Kuelgue,Negra Candombera,198133
2023-04-29 18:27,El Kuelgue,Por Ahora,206133
2023-04-29 18:32,El Kuelgue,Bossa & People,302613
2023-04-29 18:36,El Kuelgue,Jimena,213083
2023-04-29 18:40,Intoxicados,Reggae para Mirtha,6038
2023-04-29 18:40,La Vela Puerca,Zafar,262000
2023-04-29 18:44,Cruzando El Charco,Volver a Nacer,214651
2023-04-29 18:47,Lo' Pibitos,El Ritmo de la Vida,222866
2023-04-29 18:51,Los Enanitos Verdes,Lamento Boliviano,223146
2023-04-29 18:54,El Kuelgue,Parque Acuático,172646
2023-04-29 19:01,El Kuelgue,Lucho Gorrión,197379
2023-04-29 19:06,El Kuelgue,El Paraiso de los Perros,309346
2023-04-29 19:10,El Kuelgue,Verte Feliz,266289
2023-04-29 19:12,El Kuelgue,Planeta Numir,62728
2023-04-30 14:10,El Kuelgue,Planeta Numir,150527
2023-04-30 14:13,El Kuelgue,Correntoso,170100
2023-04-30 14:14,Los Piojos,Tan Solo,55310
2023-05-01 00:57,Los Piojos,Tan Solo,13770
2023-05-01 00:57,Bizarrap,"Shakira: Bzrp Music Sessions, Vol. 53",1898
2023-05-01 00:58,Bizarrap,"Quevedo: Bzrp Music Sessions, Vol. 52",2837
2023-05-01 01:01,Bizarrap,"Shakira: Bzrp Music Sessions, Vol. 53",214945
2023-05-01 01:04,Bizarrap,"Quevedo: Bzrp Music Sessions, Vol. 52",198937
2023-05-01 01:08,Bizarrap,"Arcángel: Bzrp Music Sessions, Vol. 54",223019
2023-05-01 01:11,Bizarrap,"Tiago PZK: Bzrp Music Sessions, Vol. 48",160000
2023-05-01 01:12,Bizarrap,"Villano Antillano: Bzrp Music Sessions, Vol. 51",78516
2023-05-01 01:16,Cali Y El Dandee,Yo Te Esperaré,232253
2023-05-01 01:20,Shakira,Hips Don't Lie (feat. Wyclef Jean),218093
2023-05-01 01:23,El Retutu,Hoy Volvi a Verte,178813
2023-05-01 01:23,Romeo Santos,Propuesta Indecente,9915
2023-05-01 01:26,David Guetta,I'm Good (Blue),175238
2023-05-01 01:33,Louis Tomlinson,Silver Tongues,205186
2023-05-01 01:36,Niall Horan,Heaven,186043
2023-05-01 01:39,Morat,París,182187
2023-05-01 01:42,Bad Bunny,El Apagón,201816
2023-05-01 01:46,Bizarrap,"Shakira: Bzrp Music Sessions, Vol. 53",45705
2023-05-01 01:51,Rihanna,Umbrella,275986
2023-05-01 01:55,Rihanna,Only Girl (In The World),235493
2023-05-01 01:58,Rihanna,We Found Love,195765
2023-05-01 02:01,Miley Cyrus,Flowers,200454
2023-05-01 02:05,Taylor Swift,Anti-Hero,200690
2023-05-01 02:07,Quevedo,PUNTO G,151324
2023-05-01 02:14,Midnight Hour,Chill With Me,256
2023-05-01 02:14,Quevedo,PLAYA DEL INGLÉS,114382
2023-05-01 02:16,ikeya,dreamy nights,2240
2023-05-01 02:16,Revoir,Like This Forever,81024
2023-05-01 02:16,Midnight Hour,Chill With Me,12523
2023-05-01 02:19,Noji,On My Way,136941
2023-05-01 02:20,Good Enough,Cheeky,104000
2023-05-01 02:22,Another One,Here We Go,89600
2023-05-01 02:23,Lé Mon,Skipped a Beat,99000
2023-05-01 02:25,Thymes,From Scratch,101538
2023-05-01 02:27,Hazue,Flirt,99661
2023-05-01 02:29,Bluewerks,Up,120448
2023-05-01 02:32,Phlocalyst,Mulberry,178838
2023-05-01 02:34,home grown,elevate,117000
2023-05-01 02:35,ikeya,scenery,94884
2023-05-01 02:37,Midnight Hour,Low Key,108750
2023-05-01 02:39,Sutton,Botanical,103255
2023-05-01 02:41,ikeya,chasing the sun,96007
2023-05-01 02:42,Sleepermane,Hue,84161
2023-05-01 14:10,Big One,En La Intimidad | CROSSOVER #1,362
2023-05-01 14:13,Big One,En La Intimidad | CROSSOVER #1,140955
2023-05-01 14:14,Emilia,Jagger.mp3,89327
2023-05-01 15:01,Louis Tomlinson,Silver Tongues,4667
2023-05-01 15:01,Emilia,intoxicao,145171
2023-05-01 15:01,Niall Horan,Heaven,10031
2023-05-01 15:05,Louis Tomlinson,Silver Tongues,205186
2023-05-01 15:07,Niall Horan,Meltdown,153037
2023-05-01 15:12,Niall Horan,Heaven,186043
2023-05-01 15:15,Morat,París,182187
2023-05-01 15:19,Bad Bunny,El Apagón,201816
2023-05-01 15:20,Bizarrap,"Shakira: Bzrp Music Sessions, Vol. 53",54056
2023-05-01 15:30,Rihanna,Umbrella,17664
2023-05-01 15:30,Rihanna,Only Girl (In The World),5269
2023-05-01 15:48,Niall Horan,Meltdown,153037
2023-05-01 16:11,Niall Horan,Heaven,186043
2023-05-01 16:15,Niall Horan,This Town,232852
2023-05-01 16:18,Niall Horan,Put A Little Love On Me,224585
2023-05-01 16:22,Niall Horan,Slow Hands,188174
2023-05-01 16:25,Julia Michaels,What A Time (feat. Niall Horan),173306
2023-05-01 16:31,Niall Horan,Black And White,193089
2023-05-01 16:34,Niall Horan,Too Much To Ask,223043
2023-05-01 16:38,Ashe,Moral of the Story (feat. Niall Horan) - Bonus Track,198515
2023-05-01 16:42,Niall Horan,Flicker,258025
2023-05-01 16:43,Niall Horan,Everywhere,27813
2023-05-02 16:42,Niall Horan,Everywhere,7453
2023-05-02 16:42,Niall Horan,Meltdown,278
2023-05-02 16:46,Louis Tomlinson,Silver Tongues,205186
2023-05-02 16:50,Quevedo,PLAYA DEL INGLÉS,237525
2023-05-02 16:52,Quevedo,PUNTO G,151324
2023-05-02 16:53,Taylor Swift,Anti-Hero,24227
2023-05-02 16:56,Miley Cyrus,Flowers,200454
2023-05-02 17:00,Danny Ocean,Me Rehúso,205714
2023-05-02 22:03,Gala,Freed From Desire,213394
2023-05-02 22:35,Shakira,Hips Don't Lie (feat. Wyclef Jean),81969
2023-05-02 22:36,Niall Horan,Heaven,40362
2023-05-03 13:56,El Kuelgue,En Avenidas,111125
2023-05-03 13:59,El Kuelgue,Circunvalación,184390
2023-05-03 14:04,El Kuelgue,Cinema,278906
2023-05-03 14:07,El Kuelgue,Negra Candombera,198133
2023-05-03 14:10,El Kuelgue,Por Ahora,206133
2023-05-03 14:15,El Kuelgue,Bossa & People,302613
2023-05-03 14:19,El Kuelgue,Jimena,213083
2023-05-03 14:23,La Vela Puerca,Zafar,262000
2023-05-03 14:24,Intoxicados,Reggae para Mirtha,9957
2023-05-03 14:27,Los Enanitos Verdes,Lamento Boliviano,1728
2023-05-03 14:27,Cruzando El Charco,Volver a Nacer,214651
2023-05-03 14:27,Lo' Pibitos,El Ritmo de la Vida,22075
2023-05-03 14:30,El Kuelgue,Parque Acuático,172646
2023-05-03 14:37,El Kuelgue,Lucho Gorrión,197379
2023-05-03 14:46,El Kuelgue,El Paraiso de los Perros,309346
2023-05-03 14:51,El Kuelgue,Verte Feliz,266289
2023-05-03 14:55,El Kuelgue,Planeta Numir,213240
2023-05-03 14:58,El Kuelgue,Correntoso,170100
2023-05-03 14:59,Los Piojos,Tan Solo,38237
2023-05-03 15:00,Onda Vaga,Mambeado,1727
2023-05-03 15:00,El Cuarteto De Nos,Lo malo de ser bueno,52266
2023-05-03 15:04,El Kuelgue,Ayer Real,219838
2023-05-03 15:07,Adrián Berra,Un Beso en la Nariz,211333
2023-05-03 15:11,Usted Señalemelo,Agua Marfil,175316
2023-05-03 15:16,El Kuelgue,La Fama,220021
2023-05-03 15:19,El Cuarteto De Nos,Ya No Sé Que Hacer Conmigo,225515
2023-05-03 15:20,Las Pastillas del Abuelo,Incontinencia Verbal,1557
2023-05-03 15:20,Armandinho,Casinha,1685
2023-05-03 15:23,Usted Señalemelo,Pana,228290
2023-05-03 15:27,Luis Alberto Spinetta,Bajan (En Vivo Estadio Vélez Sarsfield) (feat. Gustavo Cerati),225906
2023-05-03 15:31,Sui Generis,Canción para Mi Muerte,215906
2023-05-03 15:35,Las Pastillas del Abuelo,Otra Vuelta de Tuerca,1130
2023-05-03 15:35,Juan Farré,Todo lo que se vende miente,193889
2023-05-03 15:35,Intoxicados,Quieren Rock,2773
2023-05-03 15:39,El Cuarteto De Nos,Breve descripción de mi persona,222240
2023-05-03 15:43,Intoxicados,Las cosas que no se tocan,214090
2023-05-03 15:46,El Kuelgue,Natación,220218
2023-05-03 15:49,El Kuelgue,Chiste,168789
2023-05-03 15:52,Salvapantallas,Si Me Voy,186000
2023-05-03 16:08,El Kuelgue,Carece de Sentido,335160
2023-05-03 16:10,El Kuelgue,Sin Parangón,134546
2023-05-03 16:14,Bandalos Chinos,Vámonos De Viaje,236000
2023-05-03 16:18,Bandalos Chinos,Departamento,234866
2023-05-03 16:23,El Mató a un Policía Motorizado,El Tesoro,271400
2023-05-03 16:26,Salvapantallas,Me Conecto (feat. Jorge Drexler),188660
2023-05-03 16:29,Salvapantallas,Chhkp,179448
2023-05-03 16:34,Conociendo Rusia,Loco en el Desierto,257176
2023-05-03 17:13,El Kuelgue,Cariño Reptil,214835
2023-05-03 17:17,Indios,Ya Pasó,224946
2023-05-03 17:23,Bandalos Chinos,Isla,352316
2023-05-03 17:27,Usted Señalemelo,Big Bang,293665
2023-05-03 17:31,LOUTA,AYER TE VI (feat. Zoe Gotusso),209133
2023-05-03 17:34,El Kuelgue,En Tanto y en Cuanto,176286
2023-05-03 17:37,Adrián Berra,Efecto de Sincronicidad,165240
2023-05-03 17:40,Marcos Menchaca,Fie$ta,208021
2023-05-03 17:43,El Zar,Los Chicos No Entienden,196082
2023-05-03 17:47,Conociendo Rusia,Puede Ser,230960
2023-05-03 17:52,El Mató a un Policía Motorizado,Mas o Menos Bien,253520
2023-05-03 17:54,El Mató a un Policía Motorizado,El Mundo Extraño,148794
2023-05-04 10:04,El Mató a un Policía Motorizado,El Mundo Extraño,69
2023-05-04 10:08,El Mató a un Policía Motorizado,El Mundo Extraño,243117
2023-05-04 10:11,Hipnotica,Presente Perfecto,188441
2023-05-04 10:15,Soy Rada and the Colibriquis,Avisame Cuando Llegues,211521
2023-05-04 10:19,Conociendo Rusia,Puede Ser,230960
2023-05-04 10:23,El Mató a un Policía Motorizado,Mas o Menos Bien,253520
2023-05-04 10:27,El Mató a un Policía Motorizado,El Mundo Extraño,221851
2023-05-04 15:32,El Kuelgue,En Avenidas,7221
2023-05-04 15:35,Quevedo,PUNTO G,151324
2023-05-04 15:37,Quevedo,SIN SEÑAL,1114
2023-05-04 15:37,Quevedo,VISTA AL MAR,157975
2023-05-04 15:37,Quevedo,PLAYA DEL INGLÉS,812
2023-05-04 15:40,Quevedo,WANDA,160909
2023-05-04 15:42,Mora,COMO HAS ESTAU?,127333
2023-05-04 15:44,Mora,APA,107772
2023-05-04 15:47,Duki,Si Quieren Frontear,200337
2023-05-04 15:51,Duki,She Don't Give a Fo,201355
2023-05-04 15:53,Duki,Hello Cotto,136394
2023-05-04 15:55,Dillom,PELOTUDA,98615
2023-05-05 15:43,Dillom,PELOTUDA,202739
2023-05-05 15:47,Duki,Si Quieren Frontear,200337
2023-05-05 15:49,Dillom,OPA,169824
2023-05-05 15:52,Big One,En La Intimidad | CROSSOVER #1,165854
2023-05-05 15:56,Bizarrap,"Arcángel: Bzrp Music Sessions, Vol. 54",223019
2023-05-05 16:00,The Soundtrack Studio Stars,"School Of Rock (From ""School of Rock"")",249025
2023-05-05 16:02,Duki,Si Quieren Frontear,85309
2023-05-05 19:44,Duki,Si Quieren Frontear,5433
2023-05-05 19:48,El Kuelgue,En Avenidas,195306
2023-05-05 19:52,El Kuelgue,Circunvalación,234306
2023-05-05 19:57,El Kuelgue,Cinema,278906
2023-05-05 20:00,El Kuelgue,Negra Candombera,198133
2023-05-05 20:04,El Kuelgue,Por Ahora,206133
2023-05-05 20:09,El Kuelgue,Bossa & People,302613
2023-05-05 20:12,El Kuelgue,Jimena,213083
2023-05-05 21:55,La Vela Puerca,Zafar,9656
2023-05-05 21:57,La Vela Puerca,Zafar,1996
2023-05-05 22:00,Quevedo,PUNTO G,151324
2023-05-05 22:03,Quevedo,VISTA AL MAR,180672
2023-05-05 22:06,Quevedo,SIN SEÑAL,185084
2023-05-05 22:10,Quevedo,PLAYA DEL INGLÉS,237525
2023-05-05 22:13,Quevedo,WANDA,160909
2023-05-05 22:15,Mora,COMO HAS ESTAU?,127333
2023-05-05 22:18,Mora,APA,199831
2023-05-05 22:22,Mora,MEMORIAS,228750
2023-05-05 22:24,Taiu,Rara Vez,128677
2023-05-05 22:27,Milo j,Milagrosa,140288
2023-05-05 22:30,Mora,Volando - Remix,208655
2023-05-05 22:32,Mora,EN LA ORILLA,130914
2023-05-05 22:32,Quevedo,VISTA AL MAR,2136
2023-05-05 22:36,Bizarrap,"Arcángel: Bzrp Music Sessions, Vol. 54",223019
2023-05-05 22:36,Mora,LA INOCENTE,9609
2023-05-05 22:40,Mora,OJOS COLORAU,221136
2023-05-05 22:42,YSY A,CÓMO CHILLA ELLA,124596
2023-05-07 02:09,TINI,Cupido,69497
2023-05-07 02:11,TINI,Cupido,105204
2023-05-07 02:15,Dillom,PELOTUDA,224224
2023-05-07 02:18,Dillom,OPA,169824
2023-05-07 02:20,ROSALÍA,CHICKEN TERIYAKI,122209
2023-05-07 02:24,Trueno,TIERRA ZANTA,237658
2023-05-07 02:27,Trueno,LO TENGO,167442
2023-05-07 02:30,Quevedo,AHORA QUÉ,171428
2023-05-07 02:50,ROSALÍA,VAMPIROS,176590
2023-05-07 02:54,ROSALÍA,BESO,194543
2023-05-07 02:57,Bad Bunny,El Apagón,201816
2023-05-07 03:00,Bad Bunny,Después de la Playa,181058
2023-05-07 03:04,Mora,MEMORIAS,228750
2023-05-07 03:06,Taiu,Rara Vez,128677
2023-05-07 03:09,Milo j,Milagrosa,140288
2023-05-07 03:13,Mora,Volando - Remix,273474
2023-05-07 03:17,Mora,EN LA ORILLA,235431
2023-05-07 03:20,Quevedo,VISTA AL MAR,144724
2023-05-07 17:18,Manu Chao,La Despedida - Live,242533
2023-05-07 17:22,Manu Chao,Desaparecido,227160
2023-05-07 17:26,Andrés Calamaro,Alta suciedad,265893
2023-05-07 17:30,Fito Paez,Dar Es Dar,219853
2023-05-07 17:31,Soda Stereo,Persiana Americana - Me Verás Volver Gira 2007,95654
2023-05-07 19:32,Floricienta,Hay un Cuento,192960
2023-05-08 18:36,Floricienta,Hay un Cuento,5363
2023-05-08 18:41,Quevedo,PLAYA DEL INGLÉS,237525
2023-05-08 18:44,Quevedo,WANDA,160909
2023-05-08 18:47,Quevedo,WANDA,160909
2023-05-08 18:49,Mora,COMO HAS ESTAU?,127333
2023-05-08 18:52,Mora,APA,199831
2023-05-08 18:55,Mora,MEMORIAS,153034
2023-05-10 12:15,ANTES QUE NADIE,¿ES DE JODIDO?,9813
2023-05-10 12:18,El Kuelgue,En Avenidas,195306
2023-05-10 12:22,El Kuelgue,Circunvalación,234306
2023-05-10 12:27,El Kuelgue,Cinema,278906
2023-05-10 12:30,El Kuelgue,Negra Candombera,198133
2023-05-10 12:33,El Kuelgue,Por Ahora,206133
2023-05-10 12:38,El Kuelgue,Bossa & People,302613
2023-05-10 12:43,El Kuelgue,Jimena,213083
2023-05-10 13:11,Los Enanitos Verdes,Lamento Boliviano,1578
2023-05-10 13:11,Cruzando El Charco,Volver a Nacer,960
2023-05-10 13:11,El Kuelgue,Parque Acuático,3733
2023-05-10 13:11,Lo' Pibitos,El Ritmo de la Vida,831
2023-05-10 13:11,Intoxicados,Reggae para Mirtha,2133
2023-05-10 13:11,La Vela Puerca,Zafar,1092
2023-05-10 13:14,El Kuelgue,Lucho Gorrión,197379
2023-05-10 13:19,El Kuelgue,El Paraiso de los Perros,309346
2023-05-10 13:24,El Kuelgue,Verte Feliz,266289
2023-05-10 13:27,El Kuelgue,Planeta Numir,213240
2023-05-10 13:30,El Kuelgue,Correntoso,170100
2023-05-10 13:34,Los Piojos,Tan Solo,240013
2023-05-10 13:38,El Cuarteto De Nos,Lo malo de ser bueno,242120
2023-05-10 13:42,Onda Vaga,Mambeado,220695
2023-05-10 13:46,El Kuelgue,Ayer Real,219838
2023-05-10 13:49,Adrián Berra,Un Beso en la Nariz,211333
2023-05-10 13:53,Usted Señalemelo,Agua Marfil,251853
2023-05-10 13:57,El Kuelgue,La Fama,220021
2023-05-10 14:01,El Cuarteto De Nos,Ya No Sé Que Hacer Conmigo,241501
2023-05-10 14:05,Armandinho,Casinha,235906
2023-05-10 14:09,Las Pastillas del Abuelo,Incontinencia Verbal,230568
2023-05-10 14:13,Usted Señalemelo,Pana,228290
2023-05-10 14:16,Luis Alberto Spinetta,Bajan (En Vivo Estadio Vélez Sarsfield) (feat. Gustavo Cerati),225906
2023-05-10 14:18,Sui Generis,Canción para Mi Muerte,68843
2023-05-10 17:42,Sui Generis,Canción para Mi Muerte,147061
2023-05-10 17:45,Juan Farré,Todo lo que se vende miente,217969
2023-05-10 17:46,Intoxicados,Quieren Rock,16239
2023-05-10 17:49,Las Pastillas del Abuelo,Otra Vuelta de Tuerca,222772
2023-05-10 17:53,El Cuarteto De Nos,Breve descripción de mi persona,222240
2023-05-10 17:54,Intoxicados,Las cosas que no se tocan,20326
2023-05-10 17:57,El Kuelgue,Natación,220218
2023-05-10 18:00,El Kuelgue,Chiste,168789
2023-05-10 18:03,Salvapantallas,Si Me Voy,186000
2023-05-10 18:07,El Kuelgue,Carece de Sentido,235958
2023-05-10 21:47,El Kuelgue,Sin Parangón,134546
2023-05-10 21:51,Bandalos Chinos,Vámonos De Viaje,236000
2023-05-10 21:55,Bandalos Chinos,Departamento,234866
2023-05-10 21:59,El Mató a un Policía Motorizado,El Tesoro,271400
2023-05-10 22:03,Salvapantallas,Me Conecto (feat. Jorge Drexler),188660
2023-05-10 22:06,Jorge Drexler,Todo se transforma,217146
2023-05-10 22:09,Jorge Drexler,Me haces bien,144589
2023-05-10 22:12,Jorge Drexler,Guitarra y vos,235066
2023-05-10 22:18,Kevin Johansen,Guacamole,300746
2023-05-10 22:22,Gauchito Club,La Pibita,262978
2023-05-10 22:26,Gauchito Club,Bar en la playa,221697
2023-05-10 22:28,Gauchito Club,Movimiento Astral,44466
2023-05-10 22:28,Gauchito Club,Onliyu,123671
2023-05-11 10:20,Gauchito Club,Movimiento Astral,162
2023-05-11 10:23,Gauchito Club,Movimiento Astral,188220
2023-05-11 10:26,Gauchito Club,Encendedor,220001
2023-05-11 10:30,El Kuelgue,Natación,220218
2023-05-11 10:34,Gauchito Club,Movimiento Astral,259914
2023-05-11 10:38,Gauchito Club,Charlatán,207610
2023-05-11 10:42,Gauchito Club,La Pibita,262978
2023-05-11 10:46,Gauchito Club,Onliyu,221817
2023-05-11 10:49,Gauchito Club,El baile universal,179859
2023-05-11 10:53,Gauchito Club,La pálida,219770
2023-05-11 10:56,Gauchito Club,El Visto,221443
2023-05-11 10:58,Gauchito Club,Lowcost,119606
2023-05-11 15:58,Quevedo,PUNTO G,29275
2023-05-11 16:01,Quevedo,VISTA AL MAR,180672
2023-05-11 16:04,Quevedo,SIN SEÑAL,185084
2023-05-11 16:08,Quevedo,PLAYA DEL INGLÉS,237525
2023-05-11 16:11,Quevedo,WANDA,160909
2023-05-11 16:13,Mora,COMO HAS ESTAU?,127333
2023-05-11 19:50,Mora,APA,190794
2023-05-11 19:56,Mora,MEMORIAS,228750
2023-05-11 19:58,Taiu,Rara Vez,128677
2023-05-11 20:01,Milo j,Milagrosa,140288
2023-05-11 20:05,Mora,Volando - Remix,273474
2023-05-11 20:09,Mora,EN LA ORILLA,235431
2023-05-11 20:12,Quevedo,VISTA AL MAR,180672
2023-05-11 20:16,Bizarrap,"Arcángel: Bzrp Music Sessions, Vol. 54",223019
2023-05-11 20:19,Mora,LA INOCENTE,202173
2023-05-11 20:23,Mora,OJOS COLORAU,221136
2023-05-11 20:25,YSY A,CÓMO CHILLA ELLA,134581
2023-05-11 20:28,TINI,Cupido,174369
2023-05-11 20:31,Dillom,PELOTUDA,185905
2023-05-11 20:34,Dillom,OPA,169824
2023-05-11 20:36,ROSALÍA,CHICKEN TERIYAKI,122209
2023-05-11 20:40,Trueno,TIERRA ZANTA,237658
2023-05-11 20:45,Trueno,LO TENGO,167442
2023-05-11 20:47,Quevedo,AHORA QUÉ,171428
2023-05-11 20:50,ROSALÍA,VAMPIROS,176590
2023-05-11 20:54,ROSALÍA,BESO,194543
2023-05-11 20:57,Bad Bunny,El Apagón,201816
2023-05-11 21:00,Bad Bunny,Después de la Playa,162096
2023-05-12 14:56,Quevedo,PUNTO G,5433
2023-05-12 14:56,Bad Bunny,Después de la Playa,1207
2023-05-12 14:59,Big One,En La Intimidad | CROSSOVER #1,165854
2023-05-12 15:44,LiL CaKe,MERCHO,150227
2023-05-12 15:46,TINI,Muñecas,156318
2023-05-12 15:49,TINI,Cupido,174369
2023-05-12 15:52,Big One,En La Intimidad | CROSSOVER #1,126325
2023-05-12 16:32,Quevedo,PUNTO G,11028
2023-05-12 16:32,Quevedo,VISTA AL MAR,2577
2023-05-12 16:34,Quevedo,PUNTO G,151324
2023-05-12 16:37,Quevedo,VISTA AL MAR,180672
2023-05-12 16:40,Quevedo,SIN SEÑAL,185084
2023-05-12 16:44,Quevedo,PLAYA DEL INGLÉS,237525
2023-05-12 16:47,Quevedo,WANDA,160909
2023-05-12 16:49,Mora,COMO HAS ESTAU?,127333
2023-05-12 16:52,Mora,APA,199831
2023-05-12 16:56,Mora,MEMORIAS,228750
2023-05-12 16:58,Taiu,Rara Vez,128677
2023-05-12 18:09,Milo j,Milagrosa,140288
2023-05-12 18:14,Mora,Volando - Remix,273474
2023-05-12 18:18,Mora,EN LA ORILLA,235431
2023-05-12 18:21,Quevedo,VISTA AL MAR,180672
2023-05-12 18:25,Bizarrap,"Arcángel: Bzrp Music Sessions, Vol. 54",223019
2023-05-12 18:28,Mora,LA INOCENTE,202173
2023-05-12 18:32,Mora,OJOS COLORAU,221136
2023-05-12 18:34,YSY A,CÓMO CHILLA ELLA,134581
2023-05-12 18:37,TINI,Cupido,174369
2023-05-12 18:40,Dillom,PELOTUDA,185905
2023-05-12 18:58,Dillom,OPA,34164
2023-05-12 19:01,Dillom,PELOTUDA,185905
2023-05-12 19:02,Dillom,OPA,72334
2023-05-13 02:44,ROSALÍA,CHICKEN TERIYAKI,122209
2023-05-13 02:48,Trueno,TIERRA ZANTA,237658
2023-05-13 02:51,Trueno,LO TENGO,167442
2023-05-13 02:54,Quevedo,AHORA QUÉ,171428
2023-05-13 02:54,ROSALÍA,VAMPIROS,21010
2023-05-13 17:26,ROSALÍA,VAMPIROS,185
2023-05-13 17:47,ROSALÍA,VAMPIROS,237705
2023-05-13 17:50,Trueno,LO TENGO,167442
2023-05-13 17:54,ROSALÍA,BESO,194543
2023-05-13 17:58,Mora,OJOS COLORAU,221136
2023-05-13 18:01,Quevedo,WANDA,160909
2023-05-13 18:04,Quevedo,PLAYA DEL INGLÉS,201908
2023-05-13 18:08,Bizarrap,"Arcángel: Bzrp Music Sessions, Vol. 54",223019
2023-05-13 18:10,ROSALÍA,CHICKEN TERIYAKI,122209
2023-05-13 20:14,Bad Bunny,El Apagón,215829
2023-05-13 20:18,Quevedo,PLAYA DEL INGLÉS,237525
2023-05-13 20:21,ROSALÍA,BESO,194543
2023-05-13 20:25,Feid,Classy 101,195986
2023-05-13 20:25,Bad Bunny,El Apagón,24565
2023-05-13 20:25,BANDIDO,"No Me Conocen (Remix) [con DUKI, Rei & Tiago PZK]",16811
2023-05-13 20:28,CA7RIEL,Cono hielo,177806
2023-05-13 20:32,Dante Spinetta,Gambito (feat. CA7RIEL),241881
2023-05-13 20:36,Conociendo Rusia,No Aguanto Más,226629
2023-05-13 21:50,Gauchito Club,Bar en la playa,204052
2023-05-13 21:54,Gauchito Club,Bar en la playa,221697
2023-05-13 21:58,Gauchito Club,Movimiento Astral,259914
2023-05-13 22:09,Gauchito Club,La pálida,219770
2023-05-13 22:12,Gauchito Club,Onliyu,158974
2023-05-14 00:32,Gauchito Club,Onliyu,835
2023-05-14 00:34,Quevedo,PUNTO G,151324
2023-05-14 00:37,Quevedo,VISTA AL MAR,180672
2023-05-14 00:40,Quevedo,SIN SEÑAL,185084
2023-05-14 00:44,Quevedo,PLAYA DEL INGLÉS,237525
2023-05-14 00:47,Quevedo,WANDA,160909
2023-05-14 00:49,Mora,COMO HAS ESTAU?,127333
2023-05-14 00:53,Mora,APA,199831
2023-05-14 00:56,Mora,MEMORIAS,228750
2023-05-14 00:59,Taiu,Rara Vez,128677
2023-05-14 01:01,Milo j,Milagrosa,140288
2023-05-14 01:03,Mora,EN LA ORILLA,1811
2023-05-14 01:03,Mora,Volando - Remix,133608
2023-05-14 01:03,Quevedo,VISTA AL MAR,1625
2023-05-14 01:07,Bizarrap,"Arcángel: Bzrp Music Sessions, Vol. 54",223019
2023-05-14 01:08,Mora,LA INOCENTE,34291
2023-05-14 01:11,Mora,OJOS COLORAU,221136
2023-05-14 01:13,YSY A,CÓMO CHILLA ELLA,134581
2023-05-14 01:17,TINI,Cupido,174369
2023-05-14 01:21,Dillom,PELOTUDA,185905
2023-05-14 01:23,ROSALÍA,CHICKEN TERIYAKI,2005
2023-05-14 01:23,Dillom,OPA,169824
2023-05-14 18:23,ROSALÍA,CHICKEN TERIYAKI,120208
2023-05-14 18:26,Trueno,TIERRA ZANTA,137822
2023-05-14 18:28,Trueno,LO TENGO,167442
2023-05-14 18:29,Quevedo,AHORA QUÉ,34860
2023-05-14 18:32,ROSALÍA,VAMPIROS,176590
2023-05-14 18:35,ROSALÍA,BESO,194543
2023-05-14 18:37,Bad Bunny,El Apagón,120524
2023-05-14 18:41,RÜFÜS DU SOL,Alive - Anyma Remix,241324
2023-05-14 18:42,Gauchito Club,Bar en la playa,73467
2023-05-14 18:46,El Kuelgue,En Avenidas,195306
2023-05-14 18:50,El Kuelgue,Circunvalación,234306
2023-05-14 18:51,El Kuelgue,Cinema,70416
2023-05-14 18:53,El Kuelgue,Negra Candombera,143708
2023-05-14 18:57,Intoxicados,Reggae para Mirtha,0
2023-05-14 18:57,La Vela Puerca,Zafar,262000
2023-05-14 19:01,Cruzando El Charco,Volver a Nacer,214651
2023-05-14 19:05,Lo' Pibitos,El Ritmo de la Vida,222866
2023-05-14 19:08,Los Enanitos Verdes,Lamento Boliviano,186191
2023-05-14 19:11,El Kuelgue,Parque Acuático,172646
2023-05-14 19:13,Adrián Berra,Un Beso en la Nariz,117915
2023-05-14 19:16,Usted Señalemelo,Agua Marfil,169088
2023-05-15 16:34,Usted Señalemelo,Agua Marfil,82953
2023-05-15 16:39,Las Pastillas del Abuelo,Otra Vuelta de Tuerca,321706
2023-05-15 16:43,Bandalos Chinos,Vámonos De Viaje,236000
2023-05-15 16:47,Los Enanitos Verdes,Lamento Boliviano,223146
2023-05-15 16:50,El Kuelgue,Parque Acuático,172646
2023-05-15 16:54,Los Enanitos Verdes,Lamento Boliviano,223146
2023-05-15 16:57,El Kuelgue,Parque Acuático,172646
2023-05-15 17:04,Los Enanitos Verdes,Lamento Boliviano,223146
2023-05-15 17:07,El Kuelgue,Parque Acuático,172646
2023-05-15 17:16,Los Enanitos Verdes,Lamento Boliviano,223146
2023-05-15 17:16,Los Enanitos Verdes,Lamento Boliviano,2560
2023-05-15 17:16,Los Enanitos Verdes,Lamento Boliviano,4565
2023-05-15 17:16,El Kuelgue,Parque Acuático,11611
2023-05-15 17:16,El Kuelgue,Parque Acuático,1920
2023-05-15 17:18,El Kuelgue,Lucho Gorrión,130709
2023-05-16 16:57,El Kuelgue,Lucho Gorrión,46
2023-05-16 17:28,El Kuelgue,Lucho Gorrión,66686
2023-05-16 17:33,El Kuelgue,El Paraiso de los Perros,309346
2023-05-16 17:38,El Kuelgue,Verte Feliz,266289
2023-05-16 17:42,Los Enanitos Verdes,Lamento Boliviano,223146
2023-05-16 17:45,El Kuelgue,Parque Acuático,172646
2023-05-16 17:45,El Kuelgue,El Paraiso de los Perros,4690
2023-05-16 17:45,El Kuelgue,Lucho Gorrión,5745
2023-05-16 17:49,Los Enanitos Verdes,Lamento Boliviano,17283
2023-05-16 17:49,El Kuelgue,Verte Feliz,266289
2023-05-16 17:50,El Kuelgue,Parque Acuático,9125
2023-05-16 17:53,Bandalos Chinos,Demasiado,225706
2023-05-16 22:05,El Plan De La Mariposa,Cómo Decir Que No?,258405
2023-05-16 22:06,Pedro Aznar,A Primera Vista,57491
2023-05-16 22:09,Bandalos Chinos,El Club De La Montaña,234360
2023-05-16 22:10,Los Espiritus,Huracanes,37301
2023-05-16 22:13,Rayos Láser,Ya Me Hiciste Mal,199189
2023-05-16 22:17,Indios,Tu Geografía,1602
2023-05-16 22:17,Dante Spinetta,Soltar,7828
2023-05-16 22:17,Indios,Tardes de Melancolía,210266
2023-05-16 22:21,Conociendo Rusia,Montaña Infinita,230866
2023-05-16 22:25,El Cuarteto De Nos,No llora,259840
2023-05-16 22:29,Conociendo Rusia,Cabildo y Juramento,197833
2023-05-16 23:14,Bandalos Chinos,Paranoia Pop,6300
2023-05-16 23:14,Conociendo Rusia,Cabildo y Juramento,5993
2023-05-16 23:17,ROSALÍA,VAMPIROS,176590
2023-05-16 23:21,ROSALÍA,BESO,194543
2023-05-16 23:24,Bad Bunny,El Apagón,201816
2023-05-16 23:24,Bad Bunny,Después de la Playa,6745
2023-05-16 23:27,BM,M.A (Mejores Amigos),158309
2023-05-16 23:30,Dillom,PELOTUDA,185905
2023-05-16 23:32,La T y La M,Pa’ la Selección,5247
2023-05-16 23:32,La T y La M,Pa’ la Selección,107643
2023-05-16 23:32,La T y La M,Pa’ la Selección,1416
2023-05-16 23:32,LiL CaKe,MERCHO,2647
2023-05-16 23:35,Yandel,Yandel 150,216148
2023-05-16 23:38,Feid,Feliz Cumpleaños Ferxxo,155960
2023-05-17 03:09,Cris Mj,Marisola - Remix,120269
2023-05-17 03:12,Rei,Tu Turrito,164701
2023-05-17 03:17,BM,M.A - Remix,300762
2023-05-17 03:20,Big One,En La Intimidad | CROSSOVER #1,165854
2023-05-17 03:22,Quevedo,PUNTO G,151324
2023-05-17 03:25,Quevedo,VISTA AL MAR,180672
2023-05-17 03:28,Quevedo,SIN SEÑAL,185084
2023-05-17 03:29,Quevedo,PLAYA DEL INGLÉS,41641
2023-05-18 15:03,El Kuelgue,En Avenidas,9130
2023-05-18 15:03,Quevedo,PLAYA DEL INGLÉS,1386
2023-05-18 15:06,El Kuelgue,Natación,220218
2023-05-18 15:09,El Kuelgue,Chiste,168789
2023-05-18 15:12,Salvapantallas,Si Me Voy,186000
2023-05-18 15:18,El Kuelgue,Carece de Sentido,335160
2023-05-18 15:20,El Kuelgue,Sin Parangón,134546
2023-05-18 15:24,Bandalos Chinos,Vámonos De Viaje,236000
2023-05-18 15:28,Bandalos Chinos,Departamento,234866
2023-05-18 15:32,El Mató a un Policía Motorizado,El Tesoro,271400
2023-05-18 15:36,Salvapantallas,Me Conecto (feat. Jorge Drexler),188660
2023-05-18 15:36,Salvapantallas,Chhkp,24231
2023-05-19 17:51,Salvapantallas,Chhkp,181143
2023-05-19 17:55,Conociendo Rusia,Loco en el Desierto,257176
2023-05-19 17:59,El Kuelgue,Cariño Reptil,214835
2023-05-19 18:02,Indios,Ya Pasó,224946
2023-05-19 18:08,Bandalos Chinos,Isla,352316
2023-05-19 18:13,Usted Señalemelo,Big Bang,293665
2023-05-19 18:17,LOUTA,AYER TE VI (feat. Zoe Gotusso),1507
2023-05-19 21:41,LOUTA,AYER TE VI (feat. Zoe Gotusso),207876
2023-05-19 21:44,El Kuelgue,En Tanto y en Cuanto,176286
2023-05-19 21:46,Adrián Berra,Efecto de Sincronicidad,165240
2023-05-19 21:47,Marcos Menchaca,Fie$ta,21376
2023-05-19 21:50,El Zar,Los Chicos No Entienden,196082
2023-05-19 21:54,Conociendo Rusia,Puede Ser,230960
2023-05-19 21:58,El Mató a un Policía Motorizado,Mas o Menos Bien,253520
2023-05-19 22:02,El Mató a un Policía Motorizado,El Mundo Extraño,238311
2023-05-19 22:05,Hipnotica,Presente Perfecto,188441
2023-05-19 22:06,Soy Rada and the Colibriquis,Avisame Cuando Llegues,35555
2023-05-19 22:11,Kevin Johansen,Guacamole,3512
2023-05-19 22:11,Kevin Johansen,Guacamole,291160
2023-05-19 22:15,Kevin Johansen,Anoche Soñé Contigo,244088
2023-05-19 22:18,Kevin Johansen,Daisy,218002
2023-05-19 22:21,Manu Chao,Bongo Bong,158426
2023-05-19 22:24,Jorge Drexler,Al otro lado del Río,194266
2023-05-19 22:28,Jorge Drexler,Guitarra y vos,235066
2023-05-19 22:33,Ivan Noble,Olivia,157003
2023-05-20 05:02,Danny Ocean,Me Rehúso,133212
2023-05-20 05:04,Rei,Tu Turrito,112616
2023-05-20 05:05,La Joaqui,Butakera,53661
2023-05-20 05:05,Mano Arriba,Hicimos un Pacto,23684
2023-05-20 05:06,AX 13,La niñera,51641
2023-05-20 05:07,El Super Hobby,Chica Brasileña,44814
2023-05-20 05:07,LINDA TATIANA,Tu Turraka,43514
2023-05-20 05:08,Kaleb Di Masi,Turraka - Remix,51943
2023-05-20 05:10,Midel,B.U.H.O,107601
2023-05-20 05:12,Intoxicados,Una Vela,99334
2023-05-20 05:13,Shakira,Hips Don't Lie (feat. Wyclef Jean),98057
2023-05-20 05:14,Los Wachiturros,Tírate un Paso / Tembleque / Soy una Gárgola / Toma Toma / Látigo,38893
2023-05-20 05:16,MC Kevinho,Olha A Explosão,131030
2023-05-20 05:18,El Reja,Soltero Hasta la Tumba,107740
2023-05-21 06:20,El Reja,Soltero Hasta la Tumba,86071
2023-05-21 06:22,Duki,Goteo,138313
2023-05-21 06:23,Kaleb Di Masi,Turraka - Remix,4063
2023-05-21 06:23,Danny Ocean,Swing,3552
2023-05-21 06:33,El Villano,Chica Real,130008
2023-05-21 06:34,Dillom,PELOTUDA,48413
2023-05-21 06:34,WOS,NIÑO GORDO FLACO,26052
2023-05-21 06:36,WOS,NIÑO GORDO FLACO,91834
2023-05-21 06:38,Miranda!,Don,148793
2023-05-21 06:40,Miranda!,Perfecta,98893
2023-05-21 06:54,Miranda!,Perfecta,162
2023-05-21 06:55,Intoxicados,Una Vela,72957
2023-05-21 06:58,Kevo DJ,ReggaetOLD,128545
2023-05-21 07:01,Daddy Yankee,Llamado de Emergencia,217594
2023-05-21 07:03,Don Omar,Danza Kuduro,91161
2023-05-21 07:04,Los Wachiturros,Tírate un Paso / Tembleque / Soy una Gárgola / Toma Toma / Látigo,84752
2023-05-21 07:07,De La Calle,Una Wacha Piola,139412
2023-05-21 07:09,Miss Bolivia,Tomate el Palo (feat. Leo García),159753
2023-05-21 07:09,Maffio,Cristina (feat. Shelow Shaq),6455
2023-05-21 07:09,Dessia el Otro,Julieta,6339
2023-05-21 07:11,MC Kevinho,Olha A Explosão,69984
2023-05-21 07:11,Daddy Yankee,Limbo,36664
2023-05-21 07:11,Don Omar,Danza Kuduro,1114
2023-05-21 07:13,Pitbull,El Taxi,82454
2023-05-21 07:14,Joey Montana,Picky,98173
2023-05-21 07:18,Ricky Martin,La Mordidita (feat. Yotuel),206936
2023-05-21 07:19,Daddy Yankee,Shaky Shaky,56308
2023-05-21 07:20,Pitbull,Timber (feat. Ke$ha),78251
2023-05-21 22:58,Quevedo,PUNTO G,3691
2023-05-21 22:58,Pitbull,Timber (feat. Ke$ha),8150
2023-05-21 23:01,Quevedo,VISTA AL MAR,180672
2023-05-21 23:04,Quevedo,SIN SEÑAL,185084
2023-05-21 23:08,Quevedo,PLAYA DEL INGLÉS,237525
2023-05-21 23:11,Quevedo,WANDA,160909
2023-05-21 23:14,Mora,COMO HAS ESTAU?,127333
2023-05-21 23:15,Mora,APA,18194
2023-05-21 23:18,Mora,APA,181652
2023-05-21 23:22,Mora,MEMORIAS,228750
2023-05-21 23:24,Taiu,Rara Vez,128677
2023-05-22 01:37,Milo j,Milagrosa,140288
2023-05-22 01:42,Mora,Volando - Remix,273474
2023-05-22 01:45,Mora,EN LA ORILLA,182273
2023-05-22 01:48,WOS,GATO NEGRO,195864
2023-05-22 01:51,WOS,PARED DE CRISTAL,131306
2023-05-22 01:52,El Kuelgue,Díganselo,111220
2023-05-22 01:53,Rihanna,Love On The Brain,51896
2023-05-22 01:53,Rihanna,FourFiveSeconds,10402
2023-05-22 01:57,El Kuelgue,Sinoca,215462
2023-05-22 02:01,El Kuelgue,Díganselo,239091
2023-05-22 02:04,Rihanna,Love On The Brain,6726
2023-05-22 02:04,El Kuelgue,Soda,181712
2023-05-22 02:07,WOS,NIÑO GORDO FLACO,144129
2023-05-22 02:10,CA7RIEL,Cono hielo,177806
2023-05-22 02:12,Dante Spinetta,Gambito (feat. CA7RIEL),128459
2023-05-22 02:15,Conociendo Rusia,No Aguanto Más,226629
2023-05-22 02:19,Gauchito Club,Bar en la playa,221697
2023-05-22 02:22,WOS,ARRANCARMELO,183547
2023-05-22 02:26,WOS,CULPA,215717
2023-05-22 02:30,NAFTA,Vos No,220752
2023-05-22 02:34,NAFTA,La Carta,253161
2023-05-22 02:35,NAFTA,Duele,61506
2023-05-22 09:58,NAFTA,Duele,206166
2023-05-22 10:01,Santi Celli,Pasaporte,179639
2023-05-22 10:04,El Kuelgue,Soda,181712
2023-05-22 10:08,Dillom,PELOTUDA,4332
2023-05-22 10:08,El Kuelgue,Natación,220218
2023-05-22 10:11,Trueno,TIERRA ZANTA,196608
2023-05-23 13:05,Trueno,TIERRA ZANTA,240900
2023-05-23 13:08,Dillom,OPA,169824
2023-05-23 13:10,ROSALÍA,CHICKEN TERIYAKI,122209
2023-05-23 13:16,Trueno,UN PASO,192143
2023-05-23 13:19,CA7RIEL,McFly,144014
2023-05-23 13:20,Emanero,90's Ft. Emanero - Acústico,112509
2023-05-23 13:24,Bad Bunny,El Apagón,201816
2023-05-23 13:27,Morat,París,182187
2023-05-23 13:30,Niall Horan,Heaven,186043
2023-05-23 13:33,Louis Tomlinson,Silver Tongues,205186
2023-05-23 13:37,WOS,GATO NEGRO,195864
2023-05-23 13:39,WOS,PARED DE CRISTAL,131306
2023-05-23 13:42,WOS,CAMBIANDO LA PIEL,158121
2023-05-23 13:44,WOS,NIÑO GORDO FLACO,144129
2023-05-23 13:47,CA7RIEL,Cono hielo,177806
2023-05-23 13:51,Dante Spinetta,Gambito (feat. CA7RIEL),241881
2023-05-23 13:55,Conociendo Rusia,No Aguanto Más,226629
2023-05-23 13:59,Gauchito Club,Bar en la playa,221697
2023-05-23 14:02,WOS,ARRANCARMELO,183547
2023-05-23 14:06,WOS,CULPA,215717
2023-05-23 14:09,NAFTA,Vos No,220752
2023-05-23 14:13,NAFTA,La Carta,229225
2023-05-23 17:23,NAFTA,Vos No,220752
2023-05-23 17:27,NAFTA,La Carta,253161
2023-05-23 17:30,NAFTA,Duele,207809
2023-05-23 17:34,Santi Celli,Pasaporte,179639
2023-05-23 17:37,El Kuelgue,Soda,181712
2023-05-23 17:44,El Kuelgue,Natación,220218
2023-05-23 17:47,Dillom,PELOTUDA,185905
2023-05-23 17:51,Trueno,TIERRA ZANTA,237658
2023-05-23 17:55,Dillom,OPA,169824
2023-05-23 17:56,ROSALÍA,CHICKEN TERIYAKI,72545
2023-05-23 17:58,Quevedo,PUNTO G,151324
2023-05-23 18:01,Quevedo,VISTA AL MAR,180672
2023-05-23 18:04,Quevedo,SIN SEÑAL,185084
2023-05-23 18:08,Quevedo,PLAYA DEL INGLÉS,237525
2023-05-23 18:11,Quevedo,WANDA,160909
2023-05-23 18:13,Mora,COMO HAS ESTAU?,127333
2023-05-23 18:17,Mora,APA,199831
2023-05-23 18:20,El Kuelgue,En Avenidas,3669
2023-05-23 18:20,Mora,MEMORIAS,202544
2023-05-23 18:24,Las Pastillas del Abuelo,Otra Vuelta de Tuerca,1173
2023-05-23 18:24,Juan Farré,Todo lo que se vende miente,217969
2023-05-23 18:24,Intoxicados,Quieren Rock,36208
2023-05-23 18:28,El Cuarteto De Nos,Breve descripción de mi persona,222240
2023-05-23 18:31,Intoxicados,Las cosas que no se tocan,173718
2023-05-23 18:35,El Kuelgue,Natación,220218
2023-05-23 18:36,El Kuelgue,Chiste,65553
2023-05-23 21:30,El Kuelgue,Chiste,169664
2023-05-23 21:31,El Kuelgue,Díganselo,28598
2023-05-23 21:34,El Kuelgue,Sinoca,215462
2023-05-23 21:38,El Kuelgue,Díganselo,239091
2023-05-23 21:42,Salvapantallas,Si Me Voy,186000
2023-05-23 21:49,El Kuelgue,Carece de Sentido,335160
2023-05-23 21:51,El Kuelgue,Sin Parangón,134546
2023-05-23 21:55,Bandalos Chinos,Vámonos De Viaje,236000
2023-05-23 21:59,Bandalos Chinos,Departamento,234866
2023-05-23 22:03,El Mató a un Policía Motorizado,El Tesoro,271400
2023-05-23 22:07,Salvapantallas,Me Conecto (feat. Jorge Drexler),188660
2023-05-23 22:19,Salvapantallas,Chhkp,179448
2023-05-23 22:22,Conociendo Rusia,Loco en el Desierto,118725
2023-05-24 21:23,Conociendo Rusia,Loco en el Desierto,258584
2023-05-24 21:27,El Kuelgue,Cariño Reptil,214835
2023-05-24 21:30,Indios,Ya Pasó,224946
2023-05-24 21:41,Bandalos Chinos,Isla,352316
2023-05-24 21:46,Usted Señalemelo,Big Bang,293665
2023-05-24 21:49,LOUTA,AYER TE VI (feat. Zoe Gotusso),209133
2023-05-24 21:52,Marcos Menchaca,Fie$ta,1578
2023-05-24 21:52,Adrián Berra,Efecto de Sincronicidad,3584
2023-05-24 21:52,El Kuelgue,En Tanto y en Cuanto,176286
2023-05-24 21:55,El Zar,Los Chicos No Entienden,196082
2023-05-24 21:59,Conociendo Rusia,Puede Ser,230960
2023-05-24 22:03,El Mató a un Policía Motorizado,Mas o Menos Bien,253520
2023-05-24 22:10,El Mató a un Policía Motorizado,El Mundo Extraño,238311
2023-05-24 22:13,Hipnotica,Presente Perfecto,188441
2023-05-24 22:16,Soy Rada and the Colibriquis,Avisame Cuando Llegues,211521
2023-05-24 22:31,Silvestre y La Naranja,Todas Esas Tardes,268135
2023-05-24 22:35,Silvestre y La Naranja,Loco por Vos,251154
2023-05-24 22:38,1915,Extranjero,187824
2023-05-24 22:40,Axel Fiks,Chica Acuario,115426
2023-05-25 20:59,Quevedo,PUNTO G,151324
2023-05-25 21:02,Quevedo,VISTA AL MAR,180672
2023-05-25 21:05,Quevedo,SIN SEÑAL,185084
2023-05-25 21:09,Quevedo,PLAYA DEL INGLÉS,237525
2023-05-25 21:11,Quevedo,WANDA,160909
2023-05-25 21:14,Mora,COMO HAS ESTAU?,127333
2023-05-25 21:17,Mora,APA,199831
2023-05-25 21:22,Mora,MEMORIAS,148955
2023-05-25 21:46,El Kuelgue,En Avenidas,7040
2023-05-25 21:49,El Kuelgue,Natación,167317
2023-05-27 03:40,Trueno,LO TENGO,167442
2023-05-27 03:43,ROSALÍA,VAMPIROS,176590
2023-05-27 03:46,ROSALÍA,BESO,194543
2023-05-27 03:49,BM,M.A (Mejores Amigos),158309
2023-05-27 03:52,Quevedo,AHORA QUÉ,171428
2023-05-27 03:53,ROSALÍA,BESO,2026
2023-05-27 03:53,ROSALÍA,VAMPIROS,6881
2023-05-27 03:53,Bad Bunny,El Apagón,1685
2023-05-27 03:53,La T y La M,Pa’ la Selección,3605
2023-05-27 03:53,Bad Bunny,Después de la Playa,682
2023-05-27 03:53,LiL CaKe,MERCHO,2047
2023-05-27 03:53,BM,M.A (Mejores Amigos),8277
2023-05-27 03:56,Yandel,Yandel 150,216148
2023-05-27 03:59,Feid,Feliz Cumpleaños Ferxxo,155960
2023-05-27 04:03,Cris Mj,Marisola - Remix,237473
2023-05-27 04:06,Rei,Tu Turrito,164701
2023-05-27 04:10,BM,M.A - Remix,272727
2023-05-27 04:13,Big One,En La Intimidad | CROSSOVER #1,165854
2023-05-27 04:16,Quevedo,PUNTO G,151324
2023-05-27 04:16,Quevedo,VISTA AL MAR,8076
2023-05-27 04:32,Quevedo,VISTA AL MAR,70179
2023-05-27 04:35,Bizarrap,"Shakira: Bzrp Music Sessions, Vol. 53",214945
2023-05-27 04:39,Danny Ocean,Me Rehúso,205714
2023-05-27 04:41,Quevedo,PUNTO G,151324
2023-05-27 04:43,Quevedo,SIN SEÑAL,138555
2023-05-27 04:48,Chema Rivas,Mil Tequilas,255450
2023-05-27 04:48,ROSALÍA,VAMPIROS,12263
2023-05-27 04:50,Big One,Un Finde | CROSSOVER #2,122949
2023-05-27 04:53,Mesita,Dale Mecha,150829
2023-05-27 04:55,BM,M.A (Mejores Amigos),158309
2023-05-27 04:57,Mora,COMO HAS ESTAU?,127333
2023-05-27 05:02,Rihanna,Umbrella,275986
2023-05-27 05:06,Yandel,Yandel 150,216148
2023-05-27 05:08,Milo j,Milagrosa,140288
2023-05-27 08:55,Rihanna,Only Girl (In The World),195357
2023-05-27 08:57,Niall Horan,Heaven,133909
2023-05-27 23:56,Niall Horan,Heaven,186043
2023-05-27 23:59,Morat,París,182187
2023-05-28 00:03,Bad Bunny,El Apagón,201816
2023-05-28 00:06,Bizarrap,"Shakira: Bzrp Music Sessions, Vol. 53",214945
2023-05-28 00:11,Rihanna,Umbrella,275986
2023-05-28 00:15,Rihanna,Only Girl (In The World),235493
2023-05-28 00:16,Rihanna,We Found Love,68763
2023-05-28 03:02,Seniel Music,April 11,981
2023-05-28 03:03,Quevedo,PUNTO G,9195
2023-05-28 03:03,Quevedo,VISTA AL MAR,48251
2023-05-28 03:06,Quevedo,SIN SEÑAL,185084
2023-05-28 03:10,Quevedo,PLAYA DEL INGLÉS,237525
2023-05-28 03:13,Quevedo,WANDA,160909
2023-05-28 03:15,Mora,COMO HAS ESTAU?,127333
2023-05-28 03:17,Mora,APA,108460
2023-05-28 03:17,Mora,EN LA ORILLA,2972
2023-05-28 03:17,Mora,Volando - Remix,3250
2023-05-28 03:17,Mora,MEMORIAS,4365
2023-05-28 03:17,Taiu,Rara Vez,4179
2023-05-28 03:17,Quevedo,VISTA AL MAR,5294
2023-05-28 03:20,Bizarrap,"Arcángel: Bzrp Music Sessions, Vol. 54",129381
2023-05-28 03:20,Mora,OJOS COLORAU,4922
2023-05-28 03:20,Mora,LA INOCENTE,3622
2023-05-28 03:21,TINI,Cupido,4458
2023-05-28 03:21,YSY A,CÓMO CHILLA ELLA,78947
2023-05-28 03:23,Dillom,PELOTUDA,116053
2023-05-28 03:24,BM,M.A - Remix,83777
2023-05-28 16:39,El Kuelgue,Circunvalación,15000
2023-05-28 16:42,Lewis Capaldi,Heavenly Kind Of State Of Mind,201880
2023-05-28 16:46,Lewis Capaldi,Haven't You Ever Been In Love Before?,230533
2023-05-28 16:49,Lewis Capaldi,Love The Hell Out Of You,205080
2023-05-28 16:53,Lewis Capaldi,Burning,216573
2023-05-28 16:56,Lewis Capaldi,Any Kind Of Life,195386
2023-05-28 17:00,Lewis Capaldi,The Pretender,220120
2023-05-28 17:04,Lewis Capaldi,Leave Me Slowly,223453
2023-05-28 17:07,Lewis Capaldi,How This Ends,226626
2023-05-28 17:11,Lewis Capaldi,How I'm Feeling Now,226440
2023-05-28 17:14,Lewis Capaldi,Forget Me,203666
2023-05-28 17:18,Lewis Capaldi,Wish You The Best,210880
2023-05-28 17:22,Lewis Capaldi,Pointless,231120
2023-05-28 17:22,Lewis Capaldi,Heavenly Kind Of State Of Mind,6006
2023-05-28 17:25,Niall Horan,This Town - Tiёsto Remix,181000
2023-05-28 17:28,Niall Horan,Heaven,186043
2023-05-28 17:32,Niall Horan,"Lover - Recorded at Air Studios, London",239076
2023-05-28 17:36,Ashe,Moral of the Story (feat. Niall Horan) - Bonus Track,28621
2023-05-28 17:36,Niall Horan,Paper Houses,214525
2023-05-28 17:40,Niall Horan,Slow Hands,188174
2023-05-28 17:42,Julia Michaels,What A Time (feat. Niall Horan),173306
2023-05-28 17:44,Niall Horan,Black And White,99758
2023-05-28 20:26,Niall Horan,Black And White,93331
2023-05-28 20:29,Niall Horan,Too Much To Ask,223043
2023-05-28 20:40,Niall Horan,Nice To Meet Ya,158805
2023-05-28 20:42,Niall Horan,Everywhere,168924
2023-05-28 20:46,Niall Horan,Dear Patience,789
2023-05-28 20:46,Niall Horan,Black And White - Stripped,14019
2023-05-28 20:46,Anne-Marie,Our Song,3877
2023-05-28 20:46,Niall Horan,"Fool's Gold - Recorded At RAK Studios, London",204294
2023-05-28 20:49,Niall Horan,No Judgement,176283
2023-05-28 20:52,Niall Horan,Heartbreak Weather,200029
2023-05-28 20:57,Niall Horan,Flicker,258025
2023-05-28 21:00,Niall Horan,Paper Houses feat. The RTÉ Concert Orchestra - Live,213360
2023-05-28 21:04,Niall Horan,Small Talk,197890
2023-05-28 21:06,Niall Horan,Everywhere (BBC Children In Need),171413
2023-05-28 21:07,Niall Horan,Flicker feat. The RTÉ Concert Orchestra - Live,1253
2023-05-28 21:07,Niall Horan,This Town,4040
2023-05-28 21:07,Anne-Marie,Our Song - Luca Schreiner Remix,24100
2023-05-28 21:07,Niall Horan,Slow Hands - Acoustic,25797
2023-05-28 21:11,Niall Horan,So Long feat. The RTÉ Concert Orchestra - Live,11149
2023-05-28 21:11,Niall Horan,Fire Away,206362
2023-05-28 21:14,Niall Horan,On The Loose - Acoustic,15977
2023-05-28 21:14,Niall Horan,Seeing Blind,185280
2023-05-28 21:14,Niall Horan,This Town feat. The RTÉ Concert Orchestra - Live,928
2023-05-28 21:14,Niall Horan,The Tide feat. The RTÉ Concert Orchestra - Live,1253
2023-05-28 21:19,Niall Horan,Still,251883
2023-05-28 21:22,Niall Horan,Mirrors,218396
2023-05-28 21:26,Niall Horan,"Finally Free - From ""Smallfoot""",203094
2023-05-28 21:29,Niall Horan,Too Much To Ask - Acoustic,221598
2023-05-28 21:33,Niall Horan,You And Me feat. The RTÉ Concert Orchestra - Live,193453
2023-05-28 21:36,Niall Horan,Put A Little Love On Me,224585
2023-05-28 21:39,Niall Horan,Meltdown,153037
2023-05-28 21:43,Niall Horan,Bend The Rules,234488
2023-05-28 21:46,Niall Horan,No Judgement - Acoustic,190583
2023-05-28 21:47,Niall Horan,This Town - Tiёsto Remix,39135
2023-05-28 21:49,Quevedo,PUNTO G,151324
2023-05-28 21:52,ROSALÍA,VAMPIROS,176590
2023-05-28 21:56,Trueno,TIERRA ZANTA,237658
2023-05-28 21:59,Quevedo,VISTA AL MAR,180672
2023-05-28 22:02,Mora,Volando - Remix,187193
2023-05-30 18:49,Nicki Nicole,DISPARA ***,2420
2023-05-30 18:49,Nicki Nicole,DISPARA ***,89790
2023-05-30 18:49,Nicki Nicole,DISPARA ***,1600
2023-05-30 18:52,Nicki Nicole,8 AM,147603
2023-05-30 18:53,Nicki Nicole,8 AM,48826
2023-05-30 19:25,Nicki Nicole,8 AM,1680
2023-05-30 19:28,Nicki Nicole,DISPARA ***,143935
2023-05-30 19:30,Nicki Nicole,CAEN LAS ESTRELLAS,145171
2023-05-30 19:33,Nicki Nicole,8 AM,147603
2023-05-30 19:36,Nicki Nicole,NO voy a llorar :'),178874
2023-05-30 19:39,Nicki Nicole,Colocao,179966
2023-05-30 19:41,Bizarrap,"Nicki Nicole: Bzrp Music Sessions, Vol. 13",143291
2023-05-30 19:43,Nicki Nicole,qué le pasa conmigo?,113794
2023-05-30 19:53,Nicki Nicole,qué le pasa conmigo?,53466
2023-05-30 19:56,Nicki Nicole,Wapo Traketero,181000
2023-05-30 19:59,Bizarrap,Plegarias,198850
2023-05-30 20:02,Nicki Nicole,Sabe,177655
2023-05-30 20:10,Rochy RD,Ella No Es Tuya - Remix,218106
2023-05-30 20:14,Trueno,Mamichula - con Nicki Nicole,219201
2023-05-30 21:05,Emilia,intoxicao,211115
2023-05-30 21:08,Nicki Nicole,Años Luz,193246
2023-05-30 21:11,Nicki Nicole,Frío,155380
2023-05-30 21:14,Morad,Paz,186000
2023-05-30 21:17,Los Ángeles Azules,Otra Noche,198720
2023-05-30 21:20,Nicki Nicole,Me Gusta,188200
2023-05-30 21:25,Nicki Nicole,Toa la Vida,218969
2023-05-30 22:43,Bizarrap,YaMeFui,54577
2023-05-30 22:46,TINI,Cupido,174369
2023-05-30 22:50,Trueno,TIERRA ZANTA,237658
2023-05-30 22:52,LiL CaKe,MERCHO,161451
2023-05-30 22:54,Mora,COMO HAS ESTAU?,127333
2023-05-30 22:58,Mora,EN LA ORILLA,235431
2023-05-30 23:01,Quevedo,PUNTO G,151324
2023-05-30 23:09,La T y La M,Pa’ la Selección,186735
2023-05-30 23:13,Bizarrap,"Arcángel: Bzrp Music Sessions, Vol. 54",223019
2023-05-30 23:17,Bad Bunny,Después de la Playa,230400
2023-05-30 23:19,Taiu,Rara Vez,128677
2023-05-30 23:21,Milo j,Milagrosa,140288
2023-05-30 23:24,Quevedo,WANDA,160909
2023-05-30 23:24,Quevedo,VISTA AL MAR,5894
2023-05-31 17:40,BM,M.A - Remix,8289
2023-05-31 17:40,Quevedo,VISTA AL MAR,174694
2023-05-31 17:44,Yandel,Yandel 150,216148
2023-05-31 17:48,Mora,OJOS COLORAU,221136
2023-05-31 17:50,Dillom,OPA,169824
2023-05-31 17:53,Trueno,LO TENGO,167442
2023-05-31 17:56,Mora,APA,166318
2023-05-31 17:56,Quevedo,SIN SEÑAL,4458
2023-05-31 18:00,Quevedo,PLAYA DEL INGLÉS,237525
2023-05-31 18:03,Bad Bunny,El Apagón,4291
2023-05-31 18:03,Big One,En La Intimidad | CROSSOVER #1,165854
2023-05-31 18:06,ROSALÍA,BESO,194543
2023-05-31 18:09,Mora,Volando - Remix,1695
2023-05-31 18:09,Quevedo,VISTA AL MAR,180672
2023-05-31 18:09,Mora,MEMORIAS,2414
2023-05-31 18:09,Cris Mj,Marisola - Remix,7609
2023-05-31 18:11,ROSALÍA,CHICKEN TERIYAKI,122209
2023-05-31 18:14,BM,M.A (Mejores Amigos),158309
2023-05-31 21:36,Quevedo,AHORA QUÉ,92414
2023-05-31 21:40,NAFTA,Sin un Peso,222022
2023-05-31 21:44,NAFTA,Menos Mal,240175
2023-05-31 21:48,NAFTA,La Espera,240380
2023-05-31 21:52,WOS,CULPA,215717
2023-05-31 21:56,Babasónicos,Como Eran Las Cosas,240520
2023-05-31 22:00,Plastilina,Puedo Con Esto - Fuera de Foco,234792
2023-05-31 22:02,El Kuelgue,Pixiana,148157
2023-05-31 22:05,Spaghetti Western,Mansa Buena Onda,2786
2023-05-31 22:05,NAFTA,Y el Mundo Sigue Andando,127764
2023-05-31 22:05,Marki,No Te Puedo Decir Que No,1921
2023-05-31 22:08,Silvestre y La Naranja,Intensidad - Club Remix,203812
2023-05-31 22:09,Silvestre y La Naranja,DDLS - Andino Remix,33297
2023-05-31 22:12,Gauchito Club,Encendedor,220001
2023-05-31 22:17,Gauchito Club,Movimiento Astral,259914
2023-05-31 22:18,Gauchito Club,Charlatán,68420
2023-06-01 10:23,Gauchito Club,Charlatán,208237
2023-06-01 10:27,Gauchito Club,La Pibita,262978
2023-06-01 10:31,Gauchito Club,Onliyu,221817
2023-06-01 10:34,Gauchito Club,El baile universal,179859
2023-06-01 10:38,Gauchito Club,La pálida,219770
2023-06-01 10:42,Gauchito Club,El Visto,221443
2023-06-01 10:46,Gauchito Club,Ay Chinita,17202
2023-06-01 10:46,Gauchito Club,Lowcost,241083
2023-06-01 10:49,Silvestre y La Naranja,Promesas Sobre el Bidet / El Instinto,176578
2023-06-01 10:50,Silvestre y La Naranja,Para Felisa,74300
2023-06-01 14:54,Silvestre y La Naranja,Loca Intuición,4202
2023-06-01 14:54,Silvestre y La Naranja,CPQV - Bossa Remix,86633
2023-06-01 14:57,Silvestre y La Naranja,Cerca del Final,220844
2023-06-01 15:00,Silvestre y La Naranja,Este Juego / Un Misil en Mi Placard,167850
2023-06-01 15:03,Silvestre y La Naranja,DDLS - Andino Remix,199761
2023-06-01 15:04,Silvestre y La Naranja,Todo Esto Existe,21089
2023-06-01 15:06,Silvestre y La Naranja,Todas Esas Tardes 2.0,14442
2023-06-01 15:06,Silvestre y La Naranja,Disfraces,17562
2023-06-01 15:06,Silvestre y La Naranja,Sos Todo Lo Que Está Bien,115568
2023-06-01 15:09,Silvestre y La Naranja,Nunca Te Calmes,126548
2023-06-01 16:53,Silvestre y La Naranja,Nunca Te Calmes,12979
2023-06-01 16:56,WOS,DESCARTABLE,181782
2023-06-01 16:57,WOS,DESCARTABLE,31944
2023-06-01 16:59,Nicki Nicole,8 AM,147603
2023-06-01 17:01,Nicki Nicole,Se va 1 llegan 2,122375
2023-06-01 18:47,Nicki Nicole,Se va 1 llegan 2,21457
2023-06-01 18:47,Nicki Nicole,Llámame,27211
2023-06-01 18:49,Nicki Nicole,qué le pasa conmigo?,124040
2023-06-01 19:57,Nicki Nicole,DISPARA ***,143935
2023-06-01 19:59,Nicki Nicole,8 AM,147603
2023-06-01 20:02,Nicki Nicole,qué le pasa conmigo?,167251
2023-06-01 20:05,Nicki Nicole,Colocao,179966
2023-06-01 20:08,WOS,CAMBIANDO LA PIEL,158121
2023-06-01 20:10,Nicki Nicole,No Toque Mi Naik,143925
2023-06-01 20:13,Nicki Nicole,NO voy a llorar :'),178874
2023-06-01 20:17,Rochy RD,Ella No Es Tuya - Remix,218106
2023-06-01 20:21,El Kuelgue,Díganselo,239091
2023-06-01 20:21,Nicki Nicole,8 AM,7657
2023-06-01 20:25,El Kuelgue,Sinoca,215462
2023-06-01 20:28,Conociendo Rusia,No Aguanto Más,226629
2023-06-01 20:29,Nicki Nicole,Se va 1 llegan 2,18868
2023-06-01 20:33,Babasónicos,Como Eran Las Cosas,240520
2023-06-01 20:34,Sebastian Yatra,Tacones Rojos,27771
2023-06-01 20:34,WOS,ALMA DINAMITA,2647
2023-06-01 20:34,Silvestre y La Naranja,Intensidad - Club Remix,60560
2023-06-01 20:34,El Kuelgue,Bondi,1091
2023-06-01 20:37,Big One,En La Intimidad | CROSSOVER #1,165854
2023-06-01 20:39,Trueno,LO TENGO,96008
2023-06-01 20:39,Tiago PZK,Salimo de Noche,7546
2023-06-01 20:43,El Alfa,LOS APARATOS,212276
2023-06-01 20:44,ROSALÍA,VAMPIROS,41470
2023-06-01 20:45,ROSALÍA,BESO,81920
2023-06-01 20:47,Taiu,Rara Vez,116912
2023-06-01 22:15,Taiu,Rara Vez,11769
2023-06-01 22:18,Tiago PZK,Salimo de Noche,177857
2023-06-01 22:21,Milo j,Milagrosa,905
2023-06-01 22:21,TINI,Cupido,174369
2023-06-01 22:21,Quevedo,PLAYA DEL INGLÉS,30311
2023-06-01 22:22,Bizarrap,3 Estrellas en el Conjunto,22569
2023-06-01 22:25,Benjamín Amadeo,Las Flores (feat. Los Auténticos Decadentes),7092
2023-06-01 22:25,La T y La M,Pa’ la Selección,186735
2023-06-01 22:28,Santi Carosia,La Scaloneta,205448
2023-06-01 22:31,LiL CaKe,MERCHO,161451
2023-06-01 22:32,Quevedo,AHORA QUÉ,48386
2023-06-01 22:35,Big One,En La Intimidad | CROSSOVER #1,165854
2023-06-01 22:37,Quevedo,WANDA,160909
2023-06-01 22:41,Quevedo,SIN SEÑAL,185084
2023-06-01 22:44,ROSALÍA,VAMPIROS,176590
2023-06-01 22:47,Niall Horan,Heaven,186043
2023-06-01 22:50,Morat,París,182187
2023-06-01 22:53,Miley Cyrus,Flowers,200454
2023-06-01 22:56,Danny Ocean,Me Rehúso,154168
2023-06-01 22:59,El Kuelgue,Soda,181712
2023-06-01 23:03,Rihanna,Umbrella,275986
2023-06-01 23:07,Louis Tomlinson,Silver Tongues,205186
2023-06-01 23:09,Conociendo Rusia,Bruja de Barracas,104589
2023-06-01 23:11,FLORIAN,Lejos de Mi,172245
2023-06-01 23:15,Joven Breakfast,Cuarentena,5405
2023-06-01 23:15,Gauchito Club,Encendedor,220001
2023-06-01 23:19,Gauchito Club,El Visto,221443
2023-06-01 23:22,UNO a la distancia,Rompecabezas,215714
2023-06-01 23:25,Marilina Bertoldi,Fumar de día,2461
2023-06-01 23:25,Indios,No Te Quedes Solo,142781
2023-06-01 23:29,1915,Policía,234675
2023-06-01 23:32,Malena Villa,No Es Así,1230
2023-06-01 23:32,Bandalos Chinos,Mi Manera De Ser,1695
2023-06-01 23:32,Marilina Bertoldi,La Casa de A,1068
2023-06-01 23:32,FEMI,YASÉ,952
2023-06-01 23:32,Kiddo Toto,Baila el Funk,32945
2023-06-01 23:35,Santi Celli,Pasaporte,179639
2023-06-01 23:36,El Kuelgue,Roma,89991
2023-06-01 23:37,Gauchito Club,Movimiento Astral,15857
2023-06-02 18:25,Gauchito Club,Movimiento Astral,26238
2023-06-02 18:26,Bizarrap,"Quevedo: Bzrp Music Sessions, Vol. 52",1718
2023-06-02 18:26,Bizarrap,"Shakira: Bzrp Music Sessions, Vol. 53",79481
2023-06-02 18:29,Bizarrap,"Arcángel: Bzrp Music Sessions, Vol. 54",179559
2023-06-02 18:31,Bizarrap,"Tiago PZK: Bzrp Music Sessions, Vol. 48",93228
2023-06-02 18:33,Bizarrap,"Eladio Carrion: Bzrp Music Sessions, Vol. 40",117400
2023-06-02 18:36,Bizarrap,"Villano Antillano: Bzrp Music Sessions, Vol. 51",187500
2023-06-02 18:39,Bizarrap,"Duki: Bzrp Music Sessions, Vol. 50",171259
2023-06-02 21:40,Bizarrap,"Duki: Bzrp Music Sessions, Vol. 50",4133
2023-06-02 21:41,El Kuelgue,Díganselo,70495
2023-06-02 21:45,El Kuelgue,Díganselo,239091
2023-06-02 21:48,El Kuelgue,Sinoca,215462
2023-06-02 21:52,Gauchito Club,Bar en la playa,221697
2023-06-02 21:56,El Kuelgue,Bondi,209604
2023-06-02 21:59,WOS,ALMA DINAMITA,173913
2023-06-02 22:02,Emmanuel Horvilleur,Llamame,208790
2023-06-02 22:05,El Kuelgue,Soda,151453
